{
    "images": [
        {
            "height": 174,
            "width": 290,
            "id": 0,
            "file_name": "images (1).jpeg"
        },
        {
            "height": 316,
            "width": 404,
            "id": 1,
            "file_name": "02a3c0101677027.Y3JvcCw3MTAsNTU1LDYwNSwyNjI.png"
        },
        {
            "height": 746,
            "width": 1200,
            "id": 2,
            "file_name": "unimarc.jpg"
        },
        {
            "height": 720,
            "width": 720,
            "id": 3,
            "file_name": "unimarc-6v0wh20cqrxmj4fij8fnj4ztf4fu2nxfoc239qqtl00.jpg"
        },
        {
            "height": 194,
            "width": 259,
            "id": 4,
            "file_name": "images.jpeg"
        },
        {
            "height": 1536,
            "width": 2048,
            "id": 5,
            "file_name": "IMG_8518.jpg"
        },
        {
            "height": 535,
            "width": 950,
            "id": 6,
            "file_name": "_295807_4_5e77b308cdb80.jpg"
        },
        {
            "height": 400,
            "width": 400,
            "id": 7,
            "file_name": "uqqF8aO7.jpg"
        }
    ],
    "categories": [
        {
            "supercategory": "uni",
            "id": 0,
            "name": "uni"
        }
    ],
    "annotations": [
        {
            "segmentation": [
                [
                    50.99009900990099,
                    41.00990099009901,
                    84.65346534653466,
                    45.46534653465346,
                    87.12871287128714,
                    76.65346534653466,
                    83.16831683168317,
                    82.59405940594058,
                    52.97029702970297,
                    78.63366336633663,
                    48.01980198019802,
                    70.21782178217822
                ]
            ],
            "iscrowd": 0,
            "area": 1346.3140868542323,
            "image_id": 0,
            "bbox": [
                48.0,
                41.0,
                39.0,
                41.0
            ],
            "category_id": 0,
            "id": 1
        },
        {
            "segmentation": [
                [
                    108.96551724137932,
                    72.55172413793103,
                    125.51724137931035,
                    47.0344827586207,
                    148.9655172413793,
                    38.758620689655174,
                    260.6896551724138,
                    38.758620689655174,
                    286.2068965517241,
                    51.86206896551724,
                    302.7586206896552,
                    80.82758620689656,
                    298.62068965517244,
                    202.20689655172416,
                    272.41379310344826,
                    228.41379310344826,
                    236.55172413793105,
                    233.24137931034483,
                    140.6896551724138,
                    232.55172413793105,
                    107.58620689655173,
                    200.82758620689657
                ]
            ],
            "iscrowd": 0,
            "area": 35236.62306777647,
            "image_id": 1,
            "bbox": [
                107.0,
                38.0,
                195.0,
                195.0
            ],
            "category_id": 0,
            "id": 2
        },
        {
            "segmentation": [
                [
                    116.63636363636363,
                    312.4545454545455,
                    112.09090909090912,
                    76.09090909090912,
                    157.5454545454545,
                    26.090909090909122,
                    271.18181818181824,
                    17.0,
                    430.27272727272725,
                    21.545454545454504,
                    462.090909090909,
                    67.0,
                    471.18181818181824,
                    298.81818181818176,
                    425.72727272727275,
                    357.909090909091,
                    189.36363636363626,
                    371.5454545454545
                ]
            ],
            "iscrowd": 0,
            "area": 115981.40495867768,
            "image_id": 2,
            "bbox": [
                112.0,
                17.0,
                359.0,
                354.0
            ],
            "category_id": 0,
            "id": 3
        },
        {
            "segmentation": [
                [
                    315.28395061728395,
                    213.8148148148148,
                    347.3827160493827,
                    45.913580246913575,
                    391.82716049382714,
                    27.39506172839506,
                    563.4320987654321,
                    73.07407407407408,
                    599.2345679012345,
                    121.22222222222221,
                    565.9012345679012,
                    291.59259259259255,
                    531.3333333333333,
                    308.8765432098765,
                    344.91358024691357,
                    268.1358024691358
                ]
            ],
            "iscrowd": 0,
            "area": 60285.77960676729,
            "image_id": 3,
            "bbox": [
                315.0,
                27.0,
                284.0,
                281.0
            ],
            "category_id": 0,
            "id": 4
        },
        {
            "segmentation": [
                [
                    132.7433628318584,
                    0.30088495575220975,
                    164.1592920353982,
                    9.592920353982294,
                    168.14159292035396,
                    17.11504424778761,
                    169.91150442477874,
                    50.30088495575221,
                    164.60176991150442,
                    56.05309734513274,
                    129.20353982300884,
                    51.62831858407078,
                    121.23893805309733,
                    41.8938053097345,
                    119.02654867256636,
                    5.16814159292035,
                    130.0,
                    0.0
                ]
            ],
            "iscrowd": 0,
            "area": 2315.69425953481,
            "image_id": 4,
            "bbox": [
                119.0,
                0.0,
                50.0,
                56.0
            ],
            "category_id": 0,
            "id": 5
        },
        {
            "segmentation": [
                [
                    996.4285714285713,
                    854.1428571428571,
                    1399.9999999999998,
                    721.9999999999999,
                    1496.4285714285713,
                    579.1428571428571,
                    1507.142857142857,
                    521.9999999999999,
                    1478.5714285714284,
                    96.99999999999994,
                    1310.7142857142856,
                    71.99999999999994,
                    989.2857142857142,
                    275.57142857142856,
                    942.8571428571428,
                    371.9999999999999,
                    935.7142857142857,
                    775.5714285714284
                ]
            ],
            "iscrowd": 0,
            "area": 338131.3775510206,
            "image_id": 5,
            "bbox": [
                935.0,
                71.0,
                572.0,
                783.0
            ],
            "category_id": 0,
            "id": 6
        },
        {
            "segmentation": [
                [
                    357.93442622950823,
                    142.09836065573774,
                    374.327868852459,
                    101.11475409836066,
                    434.9836065573771,
                    63.40983606557376,
                    489.08196721311475,
                    37.18032786885246,
                    513.672131147541,
                    61.770491803278674,
                    502.1967213114754,
                    261.7704918032787,
                    471.04918032786884,
                    310.95081967213116,
                    359.57377049180326,
                    333.9016393442623,
                    338.26229508196724,
                    307.672131147541
                ]
            ],
            "iscrowd": 0,
            "area": 38210.158559527015,
            "image_id": 6,
            "bbox": [
                338.0,
                37.0,
                175.0,
                296.0
            ],
            "category_id": 0,
            "id": 7
        },
        {
            "segmentation": [
                [
                    820.2295081967213,
                    322.4262295081967,
                    816.9508196721312,
                    381.44262295081967,
                    844.8196721311475,
                    388.0,
                    849.7377049180328,
                    366.688524590164,
                    844.8196721311475,
                    333.9016393442623
                ]
            ],
            "iscrowd": 0,
            "area": 1631.2819134641904,
            "image_id": 6,
            "bbox": [
                816.0,
                322.0,
                33.0,
                66.0
            ],
            "category_id": 0,
            "id": 8
        },
        {
            "segmentation": [
                [
                    195.63934426229508,
                    291.27868852459017,
                    195.63934426229508,
                    356.8524590163935,
                    230.0655737704918,
                    355.21311475409834,
                    231.70491803278688,
                    276.5245901639344
                ]
            ],
            "iscrowd": 0,
            "area": 2535.608707336738,
            "image_id": 6,
            "bbox": [
                195.0,
                276.0,
                36.0,
                80.0
            ],
            "category_id": 0,
            "id": 9
        },
        {
            "segmentation": [
                [
                    79.23529411764702,
                    275.99999999999994,
                    80.70588235294116,
                    120.11764705882354,
                    96.88235294117646,
                    95.11764705882354,
                    130.70588235294116,
                    77.47058823529409,
                    270.4117647058823,
                    74.52941176470586,
                    311.58823529411757,
                    102.47058823529409,
                    321.88235294117646,
                    137.76470588235293,
                    323.3529411764705,
                    264.235294117647,
                    307.17647058823525,
                    302.4705882352941,
                    273.3529411764705,
                    323.0588235294117,
                    123.35294117647055,
                    321.5882352941176
                ]
            ],
            "iscrowd": 0,
            "area": 55948.31314878893,
            "image_id": 7,
            "bbox": [
                79.0,
                74.0,
                244.0,
                249.0
            ],
            "category_id": 0,
            "id": 10
        }
    ]
}