{
    "images": [
        {
            "height": 400,
            "width": 400,
            "id": 0,
            "file_name": "pega1.png"
        },
        {
            "height": 557,
            "width": 559,
            "id": 1,
            "file_name": "sherwin3.jpg"
        },
        {
            "height": 800,
            "width": 1200,
            "id": 2,
            "file_name": "easy4.jpeg"
        },
        {
            "height": 470,
            "width": 780,
            "id": 3,
            "file_name": "zapping3.png"
        },
        {
            "height": 500,
            "width": 800,
            "id": 4,
            "file_name": "norseg2.png"
        },
        {
            "height": 118,
            "width": 427,
            "id": 5,
            "file_name": "tesa3.png"
        },
        {
            "height": 800,
            "width": 800,
            "id": 6,
            "file_name": "einhell3.png"
        },
        {
            "height": 326,
            "width": 625,
            "id": 7,
            "file_name": "tri2.jpg"
        },
        {
            "height": 627,
            "width": 1200,
            "id": 8,
            "file_name": "adidas3.jpg"
        },
        {
            "height": 600,
            "width": 600,
            "id": 9,
            "file_name": "adidas2.jpg"
        },
        {
            "height": 400,
            "width": 400,
            "id": 10,
            "file_name": "tri3.jpg"
        },
        {
            "height": 900,
            "width": 900,
            "id": 11,
            "file_name": "einhell2.jpg"
        },
        {
            "height": 600,
            "width": 600,
            "id": 12,
            "file_name": "norseg3.png"
        },
        {
            "height": 582,
            "width": 503,
            "id": 13,
            "file_name": "tesa2.jpg"
        },
        {
            "height": 160,
            "width": 410,
            "id": 14,
            "file_name": "casa4.png"
        },
        {
            "height": 493,
            "width": 2126,
            "id": 15,
            "file_name": "zapping2.png"
        },
        {
            "height": 720,
            "width": 1280,
            "id": 16,
            "file_name": "easy5.jpeg"
        },
        {
            "height": 367,
            "width": 652,
            "id": 17,
            "file_name": "sherwin2.jpg"
        },
        {
            "height": 280,
            "width": 280,
            "id": 18,
            "file_name": "casa3.jpg"
        },
        {
            "height": 555,
            "width": 750,
            "id": 19,
            "file_name": "tri4.jpeg"
        },
        {
            "height": 800,
            "width": 800,
            "id": 20,
            "file_name": "adidas5.jpg"
        },
        {
            "height": 394,
            "width": 700,
            "id": 21,
            "file_name": "hela3.png"
        },
        {
            "height": 1063,
            "width": 1063,
            "id": 22,
            "file_name": "sherwin5.png"
        },
        {
            "height": 960,
            "width": 1280,
            "id": 23,
            "file_name": "norseg8.jpg"
        },
        {
            "height": 720,
            "width": 1280,
            "id": 24,
            "file_name": "easy2.jpg"
        },
        {
            "height": 156,
            "width": 462,
            "id": 25,
            "file_name": "zapping5.png"
        },
        {
            "height": 315,
            "width": 560,
            "id": 26,
            "file_name": "zapping4.png"
        },
        {
            "height": 400,
            "width": 600,
            "id": 27,
            "file_name": "ptk1.jpg"
        },
        {
            "height": 1500,
            "width": 1500,
            "id": 28,
            "file_name": "norseg9.jpg"
        },
        {
            "height": 713,
            "width": 619,
            "id": 29,
            "file_name": "easy3.jpg"
        },
        {
            "height": 1000,
            "width": 1000,
            "id": 30,
            "file_name": "norseg10.jpg"
        },
        {
            "height": 1000,
            "width": 1000,
            "id": 31,
            "file_name": "sherwin4.jpeg"
        },
        {
            "height": 800,
            "width": 800,
            "id": 32,
            "file_name": "hela2.png"
        },
        {
            "height": 600,
            "width": 1024,
            "id": 33,
            "file_name": "adidas4.jpeg"
        },
        {
            "height": 555,
            "width": 750,
            "id": 34,
            "file_name": "tri5.jpeg"
        },
        {
            "height": 800,
            "width": 800,
            "id": 35,
            "file_name": "norseg5.jpeg"
        },
        {
            "height": 119,
            "width": 422,
            "id": 36,
            "file_name": "tesa4.png"
        },
        {
            "height": 190,
            "width": 265,
            "id": 37,
            "file_name": "shorby1.jpeg"
        },
        {
            "height": 840,
            "width": 840,
            "id": 38,
            "file_name": "casa2.jpg"
        },
        {
            "height": 420,
            "width": 840,
            "id": 39,
            "file_name": "einhell7.jpg"
        },
        {
            "height": 933,
            "width": 700,
            "id": 40,
            "file_name": "norseg6.jpg"
        },
        {
            "height": 370,
            "width": 425,
            "id": 41,
            "file_name": "shorby2.jpg"
        },
        {
            "height": 225,
            "width": 225,
            "id": 42,
            "file_name": "casa1.png"
        },
        {
            "height": 650,
            "width": 500,
            "id": 43,
            "file_name": "ptk2.jpg"
        },
        {
            "height": 202,
            "width": 831,
            "id": 44,
            "file_name": "hela1.png"
        },
        {
            "height": 800,
            "width": 749,
            "id": 45,
            "file_name": "pega5.jpg"
        },
        {
            "height": 600,
            "width": 600,
            "id": 46,
            "file_name": "pega4.jpg"
        },
        {
            "height": 1500,
            "width": 1200,
            "id": 47,
            "file_name": "sherwin6.jpeg"
        },
        {
            "height": 768,
            "width": 768,
            "id": 48,
            "file_name": "easy1.png"
        },
        {
            "height": 400,
            "width": 400,
            "id": 49,
            "file_name": "ptk3.jpg"
        },
        {
            "height": 477,
            "width": 500,
            "id": 50,
            "file_name": "hela-b1.jpg"
        },
        {
            "height": 179,
            "width": 282,
            "id": 51,
            "file_name": "shorby3.jpeg"
        },
        {
            "height": 800,
            "width": 800,
            "id": 52,
            "file_name": "norseg7.jpeg"
        },
        {
            "height": 189,
            "width": 800,
            "id": 53,
            "file_name": "einhell6.png"
        },
        {
            "height": 628,
            "width": 1200,
            "id": 54,
            "file_name": "zapping1.jpg"
        },
        {
            "height": 768,
            "width": 763,
            "id": 55,
            "file_name": "ptk4.png"
        },
        {
            "height": 500,
            "width": 900,
            "id": 56,
            "file_name": "easy6.jpg"
        },
        {
            "height": 268,
            "width": 550,
            "id": 57,
            "file_name": "sherwin1.png"
        },
        {
            "height": 628,
            "width": 1200,
            "id": 58,
            "file_name": "pega3.jpg"
        },
        {
            "height": 600,
            "width": 600,
            "id": 59,
            "file_name": "adidas1.jpg"
        },
        {
            "height": 309,
            "width": 500,
            "id": 60,
            "file_name": "einhell1.jpg"
        },
        {
            "height": 705,
            "width": 608,
            "id": 61,
            "file_name": "tesa1.jpg"
        },
        {
            "height": 225,
            "width": 225,
            "id": 62,
            "file_name": "shorby4.png"
        },
        {
            "height": 1339,
            "width": 1339,
            "id": 63,
            "file_name": "norseg1.png"
        },
        {
            "height": 205,
            "width": 900,
            "id": 64,
            "file_name": "pega2.png"
        },
        {
            "height": 1200,
            "width": 1200,
            "id": 65,
            "file_name": "easy7.png"
        }
    ],
    "categories": [
        {
            "supercategory": "adidas",
            "id": 0,
            "name": "adidas"
        },
        {
            "supercategory": "casa",
            "id": 1,
            "name": "casa"
        },
        {
            "supercategory": "easy",
            "id": 2,
            "name": "easy"
        },
        {
            "supercategory": "easy-logo",
            "id": 3,
            "name": "easy-logo"
        },
        {
            "supercategory": "ein",
            "id": 4,
            "name": "ein"
        },
        {
            "supercategory": "hela",
            "id": 5,
            "name": "hela"
        },
        {
            "supercategory": "helab",
            "id": 6,
            "name": "helab"
        },
        {
            "supercategory": "norseg",
            "id": 7,
            "name": "norseg"
        },
        {
            "supercategory": "norseg-logo",
            "id": 8,
            "name": "norseg-logo"
        },
        {
            "supercategory": "pega",
            "id": 9,
            "name": "pega"
        },
        {
            "supercategory": "ptk",
            "id": 10,
            "name": "ptk"
        },
        {
            "supercategory": "sh",
            "id": 11,
            "name": "sh"
        },
        {
            "supercategory": "sw",
            "id": 12,
            "name": "sw"
        },
        {
            "supercategory": "tesa",
            "id": 13,
            "name": "tesa"
        },
        {
            "supercategory": "tri",
            "id": 14,
            "name": "tri"
        },
        {
            "supercategory": "zap",
            "id": 15,
            "name": "zap"
        }
    ],
    "annotations": [
        {
            "segmentation": [
                [
                    43.76190476190476,
                    164.87301587301587,
                    364.3968253968254,
                    164.0793650793651,
                    347.73015873015873,
                    234.71428571428572,
                    35.82539682539682,
                    232.33333333333334
                ]
            ],
            "iscrowd": 0,
            "area": 21847.442680776003,
            "image_id": 0,
            "bbox": [
                35.0,
                164.0,
                329.0,
                70.0
            ],
            "category_id": 9,
            "id": 1
        },
        {
            "segmentation": [
                [
                    246.57142857142856,
                    138.56043956043956,
                    328.989010989011,
                    139.65934065934064,
                    326.79120879120876,
                    180.3186813186813,
                    246.57142857142856,
                    180.3186813186813
                ]
            ],
            "iscrowd": 0,
            "area": 3351.6483516483568,
            "image_id": 1,
            "bbox": [
                246.0,
                138.0,
                82.0,
                42.0
            ],
            "category_id": 12,
            "id": 2
        },
        {
            "segmentation": [
                [
                    327.037037037037,
                    616.037037037037,
                    304.8148148148148,
                    640.1111111111111,
                    302.96296296296293,
                    667.8888888888888,
                    315.9259259259259,
                    697.5185185185185,
                    351.1111111111111,
                    704.9259259259259,
                    380.7407407407407,
                    680.8518518518518,
                    386.29629629629625,
                    656.7777777777777,
                    377.037037037037,
                    630.8518518518518,
                    352.96296296296293,
                    612.3333333333333
                ]
            ],
            "iscrowd": 0,
            "area": 5751.028806584189,
            "image_id": 2,
            "bbox": [
                302.0,
                612.0,
                84.0,
                92.0
            ],
            "category_id": 2,
            "id": 3
        },
        {
            "segmentation": [
                [
                    734.4444444444443,
                    614.1851851851851,
                    706.6666666666666,
                    632.7037037037037,
                    701.1111111111111,
                    666.037037037037,
                    725.1851851851851,
                    699.3703703703703,
                    756.6666666666666,
                    701.2222222222222,
                    782.5925925925925,
                    680.8518518518518,
                    784.4444444444443,
                    647.5185185185185,
                    775.1851851851851,
                    623.4444444444443
                ]
            ],
            "iscrowd": 0,
            "area": 5606.995884773321,
            "image_id": 2,
            "bbox": [
                701.0,
                614.0,
                83.0,
                87.0
            ],
            "category_id": 2,
            "id": 4
        },
        {
            "segmentation": [
                [
                    1138.148148148148,
                    616.037037037037,
                    1110.3703703703702,
                    630.8518518518518,
                    1101.111111111111,
                    662.3333333333333,
                    1114.074074074074,
                    691.9629629629629,
                    1149.2592592592591,
                    703.074074074074,
                    1177.037037037037,
                    682.7037037037037,
                    1186.2962962962963,
                    658.6296296296296,
                    1178.888888888889,
                    629.0,
                    1160.3703703703702,
                    616.037037037037
                ]
            ],
            "iscrowd": 0,
            "area": 5485.253772290889,
            "image_id": 2,
            "bbox": [
                1101.0,
                616.0,
                85.0,
                87.0
            ],
            "category_id": 2,
            "id": 5
        },
        {
            "segmentation": [
                [
                    313.4761904761905,
                    413.95238095238096,
                    394.42857142857144,
                    416.33333333333337,
                    393.23809523809524,
                    435.3809523809524,
                    312.2857142857143,
                    431.80952380952385
                ]
            ],
            "iscrowd": 0,
            "area": 1497.3072562357993,
            "image_id": 3,
            "bbox": [
                312.0,
                413.0,
                82.0,
                22.0
            ],
            "category_id": 15,
            "id": 6
        },
        {
            "segmentation": [
                [
                    586.0952380952381,
                    150.85714285714286,
                    651.5714285714286,
                    144.90476190476193,
                    651.5714285714286,
                    165.14285714285714,
                    584.9047619047619,
                    168.71428571428572
                ]
            ],
            "iscrowd": 0,
            "area": 1255.6689342403552,
            "image_id": 3,
            "bbox": [
                584.0,
                144.0,
                67.0,
                24.0
            ],
            "category_id": 15,
            "id": 7
        },
        {
            "segmentation": [
                [
                    78.26829268292683,
                    97.3170731707317,
                    735.5853658536585,
                    97.3170731707317,
                    708.7560975609756,
                    224.14634146341461,
                    64.85365853658536,
                    221.7073170731707
                ]
            ],
            "iscrowd": 0,
            "area": 81747.4717430101,
            "image_id": 4,
            "bbox": [
                64.0,
                97.0,
                671.0,
                127.0
            ],
            "category_id": 7,
            "id": 8
        },
        {
            "segmentation": [
                [
                    563.6341463414634,
                    232.6829268292683,
                    705.0975609756097,
                    232.6829268292683,
                    657.5365853658536,
                    415.60975609756093,
                    520.951219512195,
                    411.9512195121951
                ]
            ],
            "iscrowd": 0,
            "area": 25259.518143961905,
            "image_id": 4,
            "bbox": [
                520.0,
                232.0,
                185.0,
                183.0
            ],
            "category_id": 8,
            "id": 9
        },
        {
            "segmentation": [
                [
                    1.6143790849673203,
                    0.1895424836601336,
                    423.83660130718954,
                    1.496732026143789,
                    425.0,
                    117.0,
                    2.0,
                    117.0
                ]
            ],
            "iscrowd": 0,
            "area": 49088.674612328585,
            "image_id": 5,
            "bbox": [
                1.0,
                0.0,
                424.0,
                117.0
            ],
            "category_id": 13,
            "id": 10
        },
        {
            "segmentation": [
                [
                    238.0,
                    362.0,
                    765.0,
                    358.0,
                    766.0,
                    438.0,
                    237.0,
                    439.0
                ]
            ],
            "iscrowd": 0,
            "area": 41448.0,
            "image_id": 6,
            "bbox": [
                237.0,
                358.0,
                529.0,
                81.0
            ],
            "category_id": 4,
            "id": 11
        },
        {
            "segmentation": [
                [
                    383.76190476190476,
                    277.19047619047615,
                    381.85714285714283,
                    236.23809523809524,
                    454.23809523809524,
                    121.0,
                    508.5238095238095,
                    119.09523809523807,
                    552.3333333333333,
                    176.23809523809524,
                    591.3809523809524,
                    248.6190476190476,
                    590.4285714285714,
                    281.0,
                    390.4285714285714,
                    279.0952380952381
                ]
            ],
            "iscrowd": 0,
            "area": 24395.46485260781,
            "image_id": 7,
            "bbox": [
                381.0,
                119.0,
                210.0,
                162.0
            ],
            "category_id": 14,
            "id": 12
        },
        {
            "segmentation": [
                [
                    382.59259259259255,
                    315.2222222222222,
                    645.5555555555555,
                    96.7037037037037,
                    810.3703703703703,
                    367.074074074074,
                    875.1851851851851,
                    385.5925925925926,
                    873.3333333333333,
                    472.62962962962956,
                    327.037037037037,
                    476.33333333333326,
                    328.88888888888886,
                    372.62962962962956
                ]
            ],
            "iscrowd": 0,
            "area": 123974.622770919,
            "image_id": 8,
            "bbox": [
                327.0,
                96.0,
                548.0,
                380.0
            ],
            "category_id": 0,
            "id": 13
        },
        {
            "segmentation": [
                [
                    233.0,
                    307.5238095238095,
                    298.4761904761905,
                    252.76190476190476,
                    349.6666666666667,
                    312.2857142857143,
                    248.47619047619048,
                    319.42857142857144
                ]
            ],
            "iscrowd": 0,
            "area": 4007.936507936509,
            "image_id": 9,
            "bbox": [
                233.0,
                252.0,
                116.0,
                67.0
            ],
            "category_id": 0,
            "id": 14
        },
        {
            "segmentation": [
                [
                    11.222222222222229,
                    316.46031746031747,
                    8.841269841269835,
                    259.3174603174603,
                    161.22222222222223,
                    79.15873015873015,
                    233.44444444444446,
                    79.15873015873015,
                    366.77777777777777,
                    247.4126984126984,
                    370.74603174603175,
                    318.04761904761904
                ]
            ],
            "iscrowd": 0,
            "area": 60346.74981103554,
            "image_id": 10,
            "bbox": [
                8.0,
                79.0,
                362.0,
                239.0
            ],
            "category_id": 14,
            "id": 15
        },
        {
            "segmentation": [
                [
                    220.9285714285714,
                    642.4285714285713,
                    686.9999999999999,
                    642.4285714285713,
                    685.2142857142857,
                    724.5714285714286,
                    222.71428571428567,
                    726.3571428571428
                ]
            ],
            "iscrowd": 0,
            "area": 38552.295918367454,
            "image_id": 11,
            "bbox": [
                220.0,
                642.0,
                466.0,
                84.0
            ],
            "category_id": 4,
            "id": 16
        },
        {
            "segmentation": [
                [
                    85.38095238095238,
                    193.23809523809524,
                    536.5714285714286,
                    192.04761904761907,
                    517.5238095238095,
                    276.57142857142856,
                    75.85714285714286,
                    277.76190476190476
                ]
            ],
            "iscrowd": 0,
            "area": 37716.836734693876,
            "image_id": 12,
            "bbox": [
                75.0,
                192.0,
                461.0,
                85.0
            ],
            "category_id": 7,
            "id": 17
        },
        {
            "segmentation": [
                [
                    412.76190476190476,
                    286.09523809523813,
                    502.04761904761904,
                    286.09523809523813,
                    473.4761904761905,
                    403.95238095238096,
                    385.3809523809524,
                    401.5714285714286
                ]
            ],
            "iscrowd": 0,
            "area": 10380.527210884378,
            "image_id": 12,
            "bbox": [
                385.0,
                286.0,
                117.0,
                117.0
            ],
            "category_id": 8,
            "id": 18
        },
        {
            "segmentation": [
                [
                    31.620689655172413,
                    93.25287356321839,
                    246.5632183908046,
                    93.25287356321839,
                    247.71264367816093,
                    154.17241379310346,
                    30.471264367816104,
                    153.02298850574712
                ]
            ],
            "iscrowd": 0,
            "area": 13040.03170828379,
            "image_id": 13,
            "bbox": [
                30.0,
                93.0,
                217.0,
                61.0
            ],
            "category_id": 13,
            "id": 19
        },
        {
            "segmentation": [
                [
                    11.25,
                    2.25,
                    402.5,
                    1.625,
                    401.875,
                    110.375,
                    7.5,
                    108.5
                ]
            ],
            "iscrowd": 0,
            "area": 42228.7109375,
            "image_id": 14,
            "bbox": [
                7.0,
                1.0,
                395.0,
                109.0
            ],
            "category_id": 1,
            "id": 20
        },
        {
            "segmentation": [
                [
                    171.66666666666669,
                    85.66666666666674,
                    1931.6666666666667,
                    69.0,
                    1945.0,
                    435.66666666666674,
                    158.33333333333334,
                    405.66666666666674
                ]
            ],
            "iscrowd": 0,
            "area": 608844.4444444445,
            "image_id": 15,
            "bbox": [
                158.0,
                69.0,
                1787.0,
                366.0
            ],
            "category_id": 15,
            "id": 21
        },
        {
            "segmentation": [
                [
                    780.2745098039215,
                    166.88235294117646,
                    701.843137254902,
                    198.2549019607843,
                    635.1764705882352,
                    270.80392156862746,
                    607.7254901960785,
                    370.80392156862746,
                    629.2941176470588,
                    464.92156862745094,
                    678.313725490196,
                    525.7058823529412,
                    795.9607843137255,
                    580.6078431372549,
                    899.8823529411765,
                    561.0,
                    968.5098039215686,
                    511.98039215686276,
                    1015.5686274509803,
                    419.82352941176475,
                    1019.4901960784314,
                    329.62745098039215,
                    984.1960784313725,
                    251.19607843137254,
                    986.156862745098,
                    215.9019607843137,
                    958.7058823529411,
                    196.29411764705884,
                    929.2941176470588,
                    202.1764705882353,
                    868.5098039215686,
                    164.921568627451
                ]
            ],
            "iscrowd": 0,
            "area": 132035.7554786615,
            "image_id": 16,
            "bbox": [
                607.0,
                164.0,
                412.0,
                416.0
            ],
            "category_id": 2,
            "id": 22
        },
        {
            "segmentation": [
                [
                    658.7058823529412,
                    319.8235294117647,
                    986.156862745098,
                    317.8627450980392,
                    943.0196078431372,
                    445.313725490196,
                    664.5882352941177,
                    443.3529411764706,
                    644.9803921568628,
                    366.88235294117646
                ]
            ],
            "iscrowd": 0,
            "area": 39002.30680507491,
            "image_id": 16,
            "bbox": [
                644.0,
                317.0,
                342.0,
                128.0
            ],
            "category_id": 3,
            "id": 23
        },
        {
            "segmentation": [
                [
                    219.0,
                    94.0,
                    604.0,
                    94.0,
                    581.0,
                    262.0,
                    219.0,
                    258.0
                ]
            ],
            "iscrowd": 0,
            "area": 62024.0,
            "image_id": 17,
            "bbox": [
                219.0,
                94.0,
                385.0,
                168.0
            ],
            "category_id": 12,
            "id": 24
        },
        {
            "segmentation": [
                [
                    11.591160220994475,
                    91.16022099447514,
                    271.8121546961326,
                    90.60773480662984,
                    270.15469613259665,
                    163.53591160220995,
                    8.828729281767956,
                    160.77348066298342
                ]
            ],
            "iscrowd": 0,
            "area": 18587.95519062299,
            "image_id": 18,
            "bbox": [
                8.0,
                90.0,
                263.0,
                73.0
            ],
            "category_id": 1,
            "id": 25
        },
        {
            "segmentation": [
                [
                    370.5632183908046,
                    80.40229885057471,
                    317.6896551724138,
                    132.1264367816092,
                    317.6896551724138,
                    151.66666666666666,
                    426.88505747126436,
                    155.11494252873564,
                    386.6551724137931,
                    81.55172413793103
                ]
            ],
            "iscrowd": 0,
            "area": 5067.38010305191,
            "image_id": 19,
            "bbox": [
                317.0,
                80.0,
                109.0,
                75.0
            ],
            "category_id": 14,
            "id": 26
        },
        {
            "segmentation": [
                [
                    238.90476190476193,
                    406.5238095238095,
                    243.66666666666669,
                    379.53968253968253,
                    361.1269841269841,
                    277.95238095238096,
                    411.92063492063494,
                    387.4761904761905,
                    437.31746031746036,
                    397.0,
                    432.55555555555554,
                    436.6825396825397,
                    235.73015873015873,
                    423.984126984127
                ]
            ],
            "iscrowd": 0,
            "area": 18019.652305366588,
            "image_id": 20,
            "bbox": [
                235.0,
                277.0,
                202.0,
                159.0
            ],
            "category_id": 0,
            "id": 27
        },
        {
            "segmentation": [
                [
                    145.46236559139786,
                    165.93548387096772,
                    440.0860215053763,
                    167.01075268817203,
                    431.4838709677419,
                    236.9032258064516,
                    144.38709677419354,
                    235.8279569892473
                ]
            ],
            "iscrowd": 0,
            "area": 20334.142675453797,
            "image_id": 21,
            "bbox": [
                144.0,
                165.0,
                296.0,
                71.0
            ],
            "category_id": 5,
            "id": 28
        },
        {
            "segmentation": [
                [
                    477.8085106382979,
                    218.65957446808508,
                    654.4042553191489,
                    220.78723404255317,
                    645.8936170212766,
                    301.6382978723404,
                    473.55319148936167,
                    301.6382978723404
                ]
            ],
            "iscrowd": 0,
            "area": 14298.325033951958,
            "image_id": 22,
            "bbox": [
                473.0,
                218.0,
                181.0,
                83.0
            ],
            "category_id": 12,
            "id": 29
        },
        {
            "segmentation": [
                [
                    509.68627450980387,
                    104.52941176470588,
                    564.5882352941177,
                    86.88235294117646,
                    576.3529411764706,
                    157.47058823529412,
                    517.5294117647059,
                    179.0392156862745
                ]
            ],
            "iscrowd": 0,
            "area": 4317.570165321027,
            "image_id": 23,
            "bbox": [
                509.0,
                86.0,
                67.0,
                93.0
            ],
            "category_id": 8,
            "id": 30
        },
        {
            "segmentation": [
                [
                    152.8235294117647,
                    45.31372549019608,
                    125.37254901960785,
                    80.60784313725489,
                    125.37254901960785,
                    129.62745098039215,
                    152.8235294117647,
                    166.88235294117646,
                    192.0392156862745,
                    180.60784313725492,
                    239.09803921568627,
                    166.88235294117646,
                    262.62745098039215,
                    131.58823529411762,
                    266.54901960784315,
                    92.37254901960785,
                    254.78431372549016,
                    61.0,
                    248.90196078431373,
                    49.235294117647044,
                    239.09803921568627,
                    47.274509803921575,
                    209.68627450980392,
                    33.54901960784312,
                    180.27450980392157,
                    31.588235294117652
                ]
            ],
            "iscrowd": 0,
            "area": 16380.238369857747,
            "image_id": 24,
            "bbox": [
                125.0,
                31.0,
                141.0,
                149.0
            ],
            "category_id": 2,
            "id": 31
        },
        {
            "segmentation": [
                [
                    10.267605633802818,
                    53.929577464788736,
                    323.6478873239437,
                    53.22535211267606,
                    322.943661971831,
                    106.04225352112678,
                    8.15492957746479,
                    103.22535211267606
                ]
            ],
            "iscrowd": 0,
            "area": 16037.492560999795,
            "image_id": 25,
            "bbox": [
                8.0,
                53.0,
                315.0,
                53.0
            ],
            "category_id": 15,
            "id": 32
        },
        {
            "segmentation": [
                [
                    316.0940170940171,
                    230.5982905982906,
                    388.7435897435898,
                    236.5811965811966,
                    388.7435897435898,
                    253.67521367521368,
                    316.0940170940171,
                    245.12820512820514
                ]
            ],
            "iscrowd": 0,
            "area": 1148.732558988966,
            "image_id": 26,
            "bbox": [
                316.0,
                230.0,
                72.0,
                23.0
            ],
            "category_id": 15,
            "id": 33
        },
        {
            "segmentation": [
                [
                    365.8899082568807,
                    159.6605504587156,
                    395.2477064220183,
                    131.2201834862385,
                    432.8623853211009,
                    154.15596330275227,
                    437.44954128440367,
                    181.6788990825688,
                    410.8440366972477,
                    207.3669724770642,
                    396.1651376146789,
                    207.3669724770642,
                    361.30275229357795,
                    169.75229357798165
                ]
            ],
            "iscrowd": 0,
            "area": 3630.165810958628,
            "image_id": 27,
            "bbox": [
                361.0,
                131.0,
                76.0,
                76.0
            ],
            "category_id": 10,
            "id": 34
        },
        {
            "segmentation": [
                [
                    148.45871559633025,
                    240.39449541284404,
                    402.58715596330273,
                    276.17431192660547,
                    374.14678899082566,
                    328.46788990825684,
                    133.77981651376146,
                    285.348623853211
                ]
            ],
            "iscrowd": 0,
            "area": 12872.653817018756,
            "image_id": 27,
            "bbox": [
                133.0,
                240.0,
                269.0,
                88.0
            ],
            "category_id": 9,
            "id": 35
        },
        {
            "segmentation": [
                [
                    611.9069767441861,
                    500.0,
                    660.7441860465117,
                    476.74418604651163,
                    690.9767441860465,
                    558.1395348837209,
                    642.1395348837209,
                    586.046511627907
                ]
            ],
            "iscrowd": 0,
            "area": 4862.087614926975,
            "image_id": 28,
            "bbox": [
                611.0,
                476.0,
                79.0,
                110.0
            ],
            "category_id": 8,
            "id": 36
        },
        {
            "segmentation": [
                [
                    41.774647887323965,
                    193.3661971830986,
                    153.04225352112678,
                    49.70422535211268,
                    347.4084507042254,
                    11.67605633802817,
                    540.3661971830986,
                    80.69014084507043,
                    605.1549295774648,
                    307.4507042253521,
                    530.5070422535211,
                    500.4084507042254,
                    364.30985915492965,
                    584.9154929577466,
                    182.6197183098592,
                    569.4225352112676,
                    47.40845070422537,
                    429.98591549295776,
                    17.83098591549296,
                    311.67605633802816
                ]
            ],
            "iscrowd": 0,
            "area": 256721.88057925022,
            "image_id": 29,
            "bbox": [
                17.0,
                11.0,
                588.0,
                573.0
            ],
            "category_id": 2,
            "id": 37
        },
        {
            "segmentation": [
                [
                    89.66197183098592,
                    235.61971830985917,
                    541.774647887324,
                    232.80281690140845,
                    479.8028169014085,
                    406.0422535211268,
                    99.52112676056339,
                    393.3661971830986,
                    75.57746478873241,
                    287.7323943661972
                ]
            ],
            "iscrowd": 0,
            "area": 70373.9337433049,
            "image_id": 29,
            "bbox": [
                75.0,
                232.0,
                466.0,
                174.0
            ],
            "category_id": 3,
            "id": 38
        },
        {
            "segmentation": [
                [
                    385.0,
                    177.0,
                    429.0,
                    169.0,
                    435.0,
                    227.0,
                    389.38461538461536,
                    238.46153846153845
                ]
            ],
            "iscrowd": 0,
            "area": 2726.9230769230926,
            "image_id": 30,
            "bbox": [
                385.0,
                169.0,
                50.0,
                69.0
            ],
            "category_id": 8,
            "id": 39
        },
        {
            "segmentation": [
                [
                    448.41269841269843,
                    154.76190476190476,
                    628.5714285714286,
                    157.93650793650792,
                    621.4285714285714,
                    238.88888888888889,
                    446.031746031746,
                    236.5079365079365
                ]
            ],
            "iscrowd": 0,
            "area": 14475.308641975338,
            "image_id": 31,
            "bbox": [
                446.0,
                154.0,
                182.0,
                84.0
            ],
            "category_id": 12,
            "id": 40
        },
        {
            "segmentation": [
                [
                    386.5238095238095,
                    265.25396825396825,
                    503.984126984127,
                    252.55555555555554,
                    513.5079365079365,
                    277.95238095238096,
                    391.28571428571433,
                    290.6507936507937
                ]
            ],
            "iscrowd": 0,
            "area": 3134.2907533383695,
            "image_id": 32,
            "bbox": [
                386.0,
                252.0,
                127.0,
                38.0
            ],
            "category_id": 5,
            "id": 41
        },
        {
            "segmentation": [
                [
                    349.5625,
                    298.3125,
                    554.25,
                    132.6875,
                    676.125,
                    329.5625,
                    724.5625,
                    346.75,
                    726.125,
                    418.625,
                    305.8125,
                    415.5,
                    305.8125,
                    353.0
                ]
            ],
            "iscrowd": 0,
            "area": 71793.212890625,
            "image_id": 33,
            "bbox": [
                305.0,
                132.0,
                421.0,
                286.0
            ],
            "category_id": 0,
            "id": 42
        },
        {
            "segmentation": [
                [
                    371.71264367816093,
                    371.2068965517241,
                    317.6896551724138,
                    420.632183908046,
                    317.6896551724138,
                    459.71264367816093,
                    430.3333333333333,
                    460.86206896551727,
                    398.14942528735634,
                    376.95402298850576
                ]
            ],
            "iscrowd": 0,
            "area": 7088.122605363955,
            "image_id": 34,
            "bbox": [
                317.0,
                371.0,
                113.0,
                89.0
            ],
            "category_id": 14,
            "id": 43
        },
        {
            "segmentation": [
                [
                    410.33333333333337,
                    98.58730158730158,
                    456.3650793650794,
                    101.76190476190476,
                    445.2539682539682,
                    147.79365079365078,
                    399.2222222222222,
                    146.20634920634922
                ]
            ],
            "iscrowd": 0,
            "area": 2181.9098009574227,
            "image_id": 35,
            "bbox": [
                399.0,
                98.0,
                57.0,
                49.0
            ],
            "category_id": 8,
            "id": 44
        },
        {
            "segmentation": [
                [
                    3.516129032258064,
                    1.806451612903217,
                    417.7096774193548,
                    2.451612903225808,
                    417.06451612903226,
                    116.64516129032256,
                    4.806451612903226,
                    116.64516129032256
                ]
            ],
            "iscrowd": 0,
            "area": 47320.91571279916,
            "image_id": 36,
            "bbox": [
                3.0,
                1.0,
                414.0,
                115.0
            ],
            "category_id": 13,
            "id": 45
        },
        {
            "segmentation": [
                [
                    52.63157894736842,
                    2.9311740890688256,
                    201.61943319838056,
                    1.7165991902834001,
                    190.68825910931173,
                    26.0080971659919,
                    53.4412955465587,
                    24.388663967611336
                ]
            ],
            "iscrowd": 0,
            "area": 3274.7627399236176,
            "image_id": 37,
            "bbox": [
                52.0,
                1.0,
                149.0,
                25.0
            ],
            "category_id": 11,
            "id": 46
        },
        {
            "segmentation": [
                [
                    211.0,
                    364.33333333333337,
                    524.3333333333334,
                    364.33333333333337,
                    521.0,
                    309.33333333333337,
                    691.0,
                    362.6666666666667,
                    691.0,
                    447.6666666666667,
                    199.33333333333337,
                    447.6666666666667,
                    192.66666666666669,
                    366.0
                ]
            ],
            "iscrowd": 0,
            "area": 45965.27777777775,
            "image_id": 38,
            "bbox": [
                192.0,
                309.0,
                499.0,
                138.0
            ],
            "category_id": 1,
            "id": 47
        },
        {
            "segmentation": [
                [
                    53.128205128205124,
                    166.05128205128204,
                    608.2564102564103,
                    158.35897435897436,
                    608.2564102564103,
                    253.23076923076923,
                    48.0,
                    251.94871794871796
                ]
            ],
            "iscrowd": 0,
            "area": 50398.58645627875,
            "image_id": 39,
            "bbox": [
                48.0,
                158.0,
                560.0,
                95.0
            ],
            "category_id": 4,
            "id": 48
        },
        {
            "segmentation": [
                [
                    167.0,
                    374.0,
                    207.0,
                    364.0,
                    204.0,
                    405.0,
                    167.0,
                    411.0
                ]
            ],
            "iscrowd": 0,
            "area": 1489.5,
            "image_id": 40,
            "bbox": [
                167.0,
                364.0,
                40.0,
                47.0
            ],
            "category_id": 8,
            "id": 49
        },
        {
            "segmentation": [
                [
                    273.45985401459853,
                    22.62773722627737,
                    414.33576642335765,
                    64.23357664233576,
                    394.62773722627736,
                    83.21167883211679,
                    266.1605839416058,
                    41.605839416058394
                ]
            ],
            "iscrowd": 0,
            "area": 3117.6407906654567,
            "image_id": 41,
            "bbox": [
                266.0,
                22.0,
                148.0,
                61.0
            ],
            "category_id": 11,
            "id": 50
        },
        {
            "segmentation": [
                [
                    10.555555555555557,
                    69.77777777777777,
                    220.33333333333334,
                    69.77777777777777,
                    219.44444444444446,
                    127.11111111111111,
                    6.111111111111114,
                    124.88888888888889
                ]
            ],
            "iscrowd": 0,
            "area": 11897.086419753086,
            "image_id": 42,
            "bbox": [
                6.0,
                69.0,
                214.0,
                58.0
            ],
            "category_id": 1,
            "id": 51
        },
        {
            "segmentation": [
                [
                    286.97435897435895,
                    316.94871794871796,
                    316.46153846153845,
                    283.6153846153846,
                    339.53846153846155,
                    286.1794871794872,
                    361.33333333333337,
                    310.53846153846155,
                    366.46153846153845,
                    341.3076923076923,
                    343.38461538461536,
                    368.2307692307692,
                    321.5897435897436,
                    364.38461538461536,
                    293.38461538461536,
                    341.3076923076923
                ]
            ],
            "iscrowd": 0,
            "area": 4629.355687047937,
            "image_id": 43,
            "bbox": [
                286.0,
                283.0,
                80.0,
                85.0
            ],
            "category_id": 10,
            "id": 52
        },
        {
            "segmentation": [
                [
                    80.56410256410257,
                    391.3076923076923,
                    308.7692307692308,
                    432.3333333333333,
                    294.66666666666663,
                    478.48717948717945,
                    253.64102564102564,
                    479.7692307692308,
                    238.25641025641022,
                    469.5128205128205,
                    74.15384615384613,
                    436.1794871794872
                ]
            ],
            "iscrowd": 0,
            "area": 11062.623274161713,
            "image_id": 43,
            "bbox": [
                74.0,
                391.0,
                234.0,
                88.0
            ],
            "category_id": 9,
            "id": 53
        },
        {
            "segmentation": [
                [
                    236.97435897435895,
                    165.66666666666666,
                    363.8974358974359,
                    177.2051282051282,
                    354.9230769230769,
                    210.53846153846152,
                    230.56410256410254,
                    197.7179487179487
                ]
            ],
            "iscrowd": 0,
            "area": 4201.183431952668,
            "image_id": 43,
            "bbox": [
                230.0,
                165.0,
                133.0,
                45.0
            ],
            "category_id": 9,
            "id": 54
        },
        {
            "segmentation": [
                [
                    19.253164556962023,
                    0.5189873417721458,
                    805.3291139240506,
                    1.784810126582272,
                    776.0,
                    201.0,
                    7.860759493670885,
                    200.51898734177212
                ]
            ],
            "iscrowd": 0,
            "area": 155134.36148053195,
            "image_id": 44,
            "bbox": [
                7.0,
                0.0,
                798.0,
                201.0
            ],
            "category_id": 5,
            "id": 55
        },
        {
            "segmentation": [
                [
                    82.15873015873015,
                    181.12698412698413,
                    455.17460317460313,
                    177.95238095238096,
                    432.95238095238096,
                    255.73015873015873,
                    66.28571428571428,
                    249.38095238095238
                ]
            ],
            "iscrowd": 0,
            "area": 27034.517510707985,
            "image_id": 45,
            "bbox": [
                66.0,
                177.0,
                389.0,
                78.0
            ],
            "category_id": 9,
            "id": 56
        },
        {
            "segmentation": [
                [
                    505.968253968254,
                    328.74603174603175,
                    631.3650793650794,
                    333.5079365079365,
                    625.015873015873,
                    370.015873015873,
                    498.031746031746,
                    362.07936507936506
                ]
            ],
            "iscrowd": 0,
            "area": 4452.003023431636,
            "image_id": 45,
            "bbox": [
                498.0,
                328.0,
                133.0,
                42.0
            ],
            "category_id": 9,
            "id": 57
        },
        {
            "segmentation": [
                [
                    405.968253968254,
                    498.58730158730157,
                    602.7936507936508,
                    523.984126984127,
                    590.0952380952381,
                    573.1904761904761,
                    399.6190476190476,
                    536.6825396825396
                ]
            ],
            "iscrowd": 0,
            "area": 8747.795414462104,
            "image_id": 45,
            "bbox": [
                399.0,
                498.0,
                203.0,
                75.0
            ],
            "category_id": 9,
            "id": 58
        },
        {
            "segmentation": [
                [
                    74.66666666666669,
                    352.76190476190476,
                    385.3809523809524,
                    380.14285714285717,
                    362.76190476190476,
                    456.33333333333337,
                    300.8571428571429,
                    442.04761904761904,
                    68.71428571428572,
                    415.8571428571429
                ]
            ],
            "iscrowd": 0,
            "area": 20695.861678004556,
            "image_id": 46,
            "bbox": [
                68.0,
                352.0,
                317.0,
                104.0
            ],
            "category_id": 9,
            "id": 59
        },
        {
            "segmentation": [
                [
                    234.1904761904762,
                    123.0,
                    411.5714285714286,
                    128.95238095238096,
                    398.4761904761905,
                    176.57142857142858,
                    224.66666666666669,
                    159.9047619047619
                ]
            ],
            "iscrowd": 0,
            "area": 7548.894557823121,
            "image_id": 46,
            "bbox": [
                224.0,
                123.0,
                187.0,
                53.0
            ],
            "category_id": 9,
            "id": 60
        },
        {
            "segmentation": [
                [
                    362.76190476190476,
                    231.33333333333334,
                    387.76190476190476,
                    242.04761904761907,
                    410.3809523809524,
                    256.33333333333337,
                    418.7142857142857,
                    292.04761904761904,
                    390.14285714285717,
                    325.3809523809524,
                    366.33333333333337,
                    326.57142857142856,
                    356.80952380952385,
                    313.4761904761905,
                    337.76190476190476,
                    311.09523809523813,
                    333.0,
                    295.61904761904765,
                    318.7142857142857,
                    275.3809523809524,
                    335.3809523809524,
                    262.2857142857143,
                    343.7142857142857,
                    244.42857142857144
                ]
            ],
            "iscrowd": 0,
            "area": 6139.455782313016,
            "image_id": 46,
            "bbox": [
                318.0,
                231.0,
                100.0,
                95.0
            ],
            "category_id": 10,
            "id": 61
        },
        {
            "segmentation": [
                [
                    541.3939393939394,
                    521.4242424242424,
                    662.2222222222222,
                    522.2222222222222,
                    656.5454545454545,
                    585.060606060606,
                    532.5925925925926,
                    585.1851851851851
                ]
            ],
            "iscrowd": 0,
            "area": 7749.719416386099,
            "image_id": 47,
            "bbox": [
                532.0,
                521.0,
                130.0,
                64.0
            ],
            "category_id": 12,
            "id": 62
        },
        {
            "segmentation": [
                [
                    59.24242424242422,
                    403.5454545454545,
                    75.9090909090909,
                    274.75757575757575,
                    156.2121212121212,
                    147.48484848484847,
                    325.9090909090909,
                    56.57575757575757,
                    460.75757575757575,
                    64.15151515151514,
                    583.4848484848485,
                    117.18181818181817,
                    641.060606060606,
                    129.30303030303028,
                    656.2121212121211,
                    208.0909090909091,
                    710.7575757575758,
                    350.5151515151515,
                    685.0,
                    515.6666666666666,
                    610.7575757575758,
                    620.2121212121211,
                    480.4545454545454,
                    697.4848484848485,
                    319.8484848484848,
                    705.060606060606,
                    154.6969696969697,
                    620.2121212121211,
                    80.45454545454544,
                    508.09090909090907
                ]
            ],
            "iscrowd": 0,
            "area": 328713.2690541779,
            "image_id": 48,
            "bbox": [
                59.0,
                56.0,
                651.0,
                649.0
            ],
            "category_id": 2,
            "id": 63
        },
        {
            "segmentation": [
                [
                    125.9090909090909,
                    305.06060606060606,
                    653.1818181818181,
                    305.06060606060606,
                    591.060606060606,
                    492.93939393939394,
                    138.03030303030303,
                    488.3939393939394,
                    115.30303030303028,
                    376.27272727272725
                ]
            ],
            "iscrowd": 0,
            "area": 92435.72084481176,
            "image_id": 48,
            "bbox": [
                115.0,
                305.0,
                538.0,
                187.0
            ],
            "category_id": 3,
            "id": 64
        },
        {
            "segmentation": [
                [
                    47.730158730158735,
                    191.85714285714286,
                    160.42857142857142,
                    59.317460317460316,
                    227.8888888888889,
                    55.34920634920635,
                    267.57142857142856,
                    97.41269841269842,
                    320.74603174603175,
                    110.9047619047619,
                    356.46031746031747,
                    220.42857142857142,
                    342.968253968254,
                    264.87301587301585,
                    296.14285714285717,
                    297.41269841269843,
                    263.6031746031746,
                    345.031746031746,
                    211.22222222222223,
                    345.8253968253968,
                    163.6031746031746,
                    310.9047619047619,
                    107.25396825396825,
                    299.7936507936508,
                    81.06349206349205,
                    254.55555555555554,
                    53.28571428571429,
                    225.984126984127
                ]
            ],
            "iscrowd": 0,
            "area": 60414.14714033762,
            "image_id": 49,
            "bbox": [
                47.0,
                55.0,
                309.0,
                290.0
            ],
            "category_id": 10,
            "id": 65
        },
        {
            "segmentation": [
                [
                    303.2075471698113,
                    357.49056603773585,
                    349.4339622641509,
                    298.05660377358487,
                    420.18867924528297,
                    301.8301886792453,
                    461.6981132075472,
                    361.2641509433962,
                    451.3207547169811,
                    418.811320754717,
                    398.49056603773585,
                    453.71698113207543,
                    348.49056603773585,
                    450.88679245283015,
                    307.92452830188677,
                    412.2075471698113
                ]
            ],
            "iscrowd": 0,
            "area": 18895.51441794238,
            "image_id": 50,
            "bbox": [
                303.0,
                298.0,
                158.0,
                155.0
            ],
            "category_id": 6,
            "id": 66
        },
        {
            "segmentation": [
                [
                    77.87931034482759,
                    7.586206896551726,
                    195.98275862068968,
                    8.879310344827587,
                    189.51724137931035,
                    26.12068965517242,
                    77.01724137931035,
                    23.965517241379317
                ]
            ],
            "iscrowd": 0,
            "area": 1944.5786266349596,
            "image_id": 51,
            "bbox": [
                77.0,
                7.0,
                118.0,
                19.0
            ],
            "category_id": 11,
            "id": 67
        },
        {
            "segmentation": [
                [
                    396.04761904761904,
                    87.47619047619048,
                    469.06349206349205,
                    65.25396825396825,
                    467.4761904761905,
                    143.03174603174602,
                    392.8730158730159,
                    165.25396825396825
                ]
            ],
            "iscrowd": 0,
            "area": 5687.830687830676,
            "image_id": 52,
            "bbox": [
                392.0,
                65.0,
                77.0,
                100.0
            ],
            "category_id": 8,
            "id": 68
        },
        {
            "segmentation": [
                [
                    59.975609756097555,
                    42.3170731707317,
                    748.9999999999999,
                    41.097560975609724,
                    747.780487804878,
                    149.6341463414634,
                    56.3170731707317,
                    149.6341463414634
                ]
            ],
            "iscrowd": 0,
            "area": 74494.34860202261,
            "image_id": 53,
            "bbox": [
                56.0,
                41.0,
                692.0,
                108.0
            ],
            "category_id": 4,
            "id": 69
        },
        {
            "segmentation": [
                [
                    432.59259259259255,
                    276.3333333333333,
                    762.2222222222222,
                    272.6296296296296,
                    765.9259259259259,
                    348.55555555555554,
                    434.4444444444444,
                    348.55555555555554
                ]
            ],
            "iscrowd": 0,
            "area": 24490.74074074073,
            "image_id": 54,
            "bbox": [
                432.0,
                272.0,
                333.0,
                76.0
            ],
            "category_id": 15,
            "id": 70
        },
        {
            "segmentation": [
                [
                    286.030303030303,
                    371.7272727272727,
                    313.30303030303025,
                    379.3030303030303,
                    326.93939393939394,
                    414.1515151515151,
                    304.2121212121212,
                    455.06060606060606,
                    279.96969696969694,
                    445.96969696969694,
                    264.8181818181818,
                    445.96969696969694,
                    245.12121212121212,
                    421.7272727272727
                ]
            ],
            "iscrowd": 0,
            "area": 4220.61524334253,
            "image_id": 55,
            "bbox": [
                245.0,
                371.0,
                81.0,
                84.0
            ],
            "category_id": 10,
            "id": 71
        },
        {
            "segmentation": [
                [
                    525.4242424242424,
                    464.1515151515151,
                    563.3030303030303,
                    423.24242424242425,
                    598.1515151515151,
                    435.3636363636363,
                    604.2121212121211,
                    470.2121212121212,
                    579.9696969696969,
                    509.60606060606057,
                    554.2121212121211,
                    506.57575757575756,
                    536.030303030303,
                    499.0
                ]
            ],
            "iscrowd": 0,
            "area": 4701.56106519734,
            "image_id": 55,
            "bbox": [
                525.0,
                423.0,
                79.0,
                86.0
            ],
            "category_id": 10,
            "id": 72
        },
        {
            "segmentation": [
                [
                    375.7123287671233,
                    59.53424657534248,
                    303.1095890410959,
                    108.84931506849315,
                    256.5342465753425,
                    175.97260273972603,
                    244.2054794520548,
                    254.05479452054794,
                    255.16438356164383,
                    330.76712328767127,
                    294.8904109589041,
                    388.3013698630137,
                    362.013698630137,
                    443.0958904109589,
                    455.16438356164383,
                    463.6438356164384,
                    531.8767123287671,
                    441.7260273972603,
                    592.1506849315068,
                    403.36986301369865,
                    644.2054794520548,
                    325.28767123287673,
                    659.2739726027397,
                    248.5753424657534,
                    645.5753424657535,
                    180.08219178082192,
                    615.4383561643835,
                    128.02739726027397,
                    622.2876712328767,
                    95.15068493150685,
                    599.0,
                    73.23287671232876,
                    564.7534246575343,
                    78.7123287671233,
                    503.1095890410959,
                    49.945205479452056,
                    430.5068493150685,
                    49.945205479452056
                ]
            ],
            "iscrowd": 0,
            "area": 133741.79020454106,
            "image_id": 56,
            "bbox": [
                244.0,
                49.0,
                415.0,
                414.0
            ],
            "category_id": 2,
            "id": 73
        },
        {
            "segmentation": [
                [
                    294.8904109589041,
                    197.8904109589041,
                    615.4383561643835,
                    197.8904109589041,
                    577.082191780822,
                    317.06849315068496,
                    301.73972602739724,
                    317.06849315068496,
                    281.1917808219178,
                    244.46575342465752
                ]
            ],
            "iscrowd": 0,
            "area": 36484.33101895286,
            "image_id": 56,
            "bbox": [
                281.0,
                197.0,
                334.0,
                120.0
            ],
            "category_id": 3,
            "id": 74
        },
        {
            "segmentation": [
                [
                    184.71428571428572,
                    55.45378151260505,
                    518.327731092437,
                    56.29411764705884,
                    502.36134453781517,
                    205.03361344537814,
                    183.03361344537817,
                    201.67226890756302
                ]
            ],
            "iscrowd": 0,
            "area": 48166.08996539793,
            "image_id": 57,
            "bbox": [
                183.0,
                55.0,
                335.0,
                150.0
            ],
            "category_id": 12,
            "id": 75
        },
        {
            "segmentation": [
                [
                    32.59259259259259,
                    204.1111111111111,
                    1186.2962962962963,
                    200.4074074074074,
                    1165.9259259259259,
                    441.14814814814815,
                    6.666666666666664,
                    418.92592592592587
                ]
            ],
            "iscrowd": 0,
            "area": 263635.11659807956,
            "image_id": 58,
            "bbox": [
                6.0,
                200.0,
                1180.0,
                241.0
            ],
            "category_id": 9,
            "id": 76
        },
        {
            "segmentation": [
                [
                    238.95238095238096,
                    289.6666666666667,
                    308.0,
                    220.61904761904762,
                    372.2857142857143,
                    299.1904761904762,
                    360.3809523809524,
                    309.9047619047619,
                    235.3809523809524,
                    312.2857142857143
                ]
            ],
            "iscrowd": 0,
            "area": 7112.386621315178,
            "image_id": 59,
            "bbox": [
                235.0,
                220.0,
                137.0,
                92.0
            ],
            "category_id": 0,
            "id": 77
        },
        {
            "segmentation": [
                [
                    138.6946564885496,
                    121.30534351145039,
                    498.23664122137404,
                    122.06870229007632,
                    499.0,
                    183.0,
                    139.45801526717557,
                    183.90076335877862
                ]
            ],
            "iscrowd": 0,
            "area": 22206.573043528944,
            "image_id": 60,
            "bbox": [
                138.0,
                121.0,
                361.0,
                62.0
            ],
            "category_id": 4,
            "id": 78
        },
        {
            "segmentation": [
                [
                    54.084507042253534,
                    109.08450704225352,
                    240.0,
                    109.08450704225352,
                    240.0,
                    162.6056338028169,
                    55.49295774647888,
                    164.01408450704227
                ]
            ],
            "iscrowd": 0,
            "area": 10043.642134497124,
            "image_id": 61,
            "bbox": [
                54.0,
                109.0,
                186.0,
                55.0
            ],
            "category_id": 13,
            "id": 79
        },
        {
            "segmentation": [
                [
                    6.555555555555557,
                    96.88888888888889,
                    215.88888888888889,
                    96.44444444444444,
                    210.55555555555554,
                    130.66666666666666,
                    180.33333333333334,
                    124.88888888888889,
                    74.55555555555556,
                    124.0,
                    47.888888888888886,
                    131.55555555555554,
                    7.0,
                    124.0,
                    4.333333333333336,
                    108.0
                ]
            ],
            "iscrowd": 0,
            "area": 6109.0370370370365,
            "image_id": 62,
            "bbox": [
                4.0,
                96.0,
                211.0,
                35.0
            ],
            "category_id": 11,
            "id": 80
        },
        {
            "segmentation": [
                [
                    671.469387755102,
                    116.3265306122449,
                    1281.6734693877552,
                    114.28571428571429,
                    1261.265306122449,
                    232.6530612244898,
                    644.9387755102041,
                    228.57142857142858
                ]
            ],
            "iscrowd": 0,
            "area": 70737.19283631817,
            "image_id": 63,
            "bbox": [
                644.0,
                114.0,
                637.0,
                118.0
            ],
            "category_id": 7,
            "id": 81
        },
        {
            "segmentation": [
                [
                    57.9041095890411,
                    71.8082191780822,
                    349.6849315068493,
                    71.8082191780822,
                    335.98630136986304,
                    132.08219178082192,
                    46.945205479452056,
                    130.71232876712332
                ]
            ],
            "iscrowd": 0,
            "area": 17313.75492587727,
            "image_id": 64,
            "bbox": [
                46.0,
                71.0,
                303.0,
                61.0
            ],
            "category_id": 9,
            "id": 82
        },
        {
            "segmentation": [
                [
                    406.4761904761905,
                    133.0952380952381,
                    273.14285714285717,
                    211.66666666666669,
                    158.8571428571429,
                    347.3809523809524,
                    99.33333333333337,
                    516.4285714285714,
                    104.09523809523813,
                    702.1428571428572,
                    175.52380952380952,
                    868.8095238095239,
                    282.6666666666667,
                    992.6190476190477,
                    449.33333333333337,
                    1075.952380952381,
                    616.0,
                    1099.7619047619048,
                    796.952380952381,
                    1061.6666666666667,
                    963.6190476190477,
                    947.3809523809524,
                    1056.4761904761906,
                    809.2857142857143,
                    1104.095238095238,
                    628.3333333333334,
                    1077.904761904762,
                    437.8571428571429,
                    1001.7142857142858,
                    306.9047619047619,
                    1018.3809523809525,
                    252.14285714285717,
                    980.2857142857142,
                    195.0,
                    932.6666666666667,
                    180.71428571428572,
                    880.2857142857142,
                    185.47619047619048,
                    725.5238095238095,
                    106.90476190476191,
                    535.047619047619,
                    97.38095238095238
                ]
            ],
            "iscrowd": 0,
            "area": 788920.0680272114,
            "image_id": 65,
            "bbox": [
                99.0,
                97.0,
                1005.0,
                1002.0
            ],
            "category_id": 2,
            "id": 83
        },
        {
            "segmentation": [
                [
                    206.47619047619048,
                    478.33333333333337,
                    1016.0,
                    480.7142857142857,
                    916.0,
                    768.8095238095239,
                    225.52380952380952,
                    766.4285714285714,
                    182.66666666666669,
                    595.0
                ]
            ],
            "iscrowd": 0,
            "area": 220708.61678004533,
            "image_id": 65,
            "bbox": [
                182.0,
                478.0,
                834.0,
                290.0
            ],
            "category_id": 3,
            "id": 84
        }
    ]
}