{
    "images": [
        {
            "height": 400,
            "width": 400,
            "id": 0,
            "file_name": "pega1.png"
        },
        {
            "height": 557,
            "width": 559,
            "id": 1,
            "file_name": "sherwin3.jpg"
        },
        {
            "height": 800,
            "width": 1200,
            "id": 2,
            "file_name": "easy4.jpeg"
        },
        {
            "height": 480,
            "width": 360,
            "id": 3,
            "file_name": "tri10.jpg"
        },
        {
            "height": 470,
            "width": 780,
            "id": 4,
            "file_name": "zapping3.png"
        },
        {
            "height": 500,
            "width": 800,
            "id": 5,
            "file_name": "norseg2.png"
        },
        {
            "height": 118,
            "width": 427,
            "id": 6,
            "file_name": "tesa3.png"
        },
        {
            "height": 800,
            "width": 800,
            "id": 7,
            "file_name": "einhell3.png"
        },
        {
            "height": 326,
            "width": 625,
            "id": 8,
            "file_name": "tri2.jpg"
        },
        {
            "height": 627,
            "width": 1200,
            "id": 9,
            "file_name": "adidas3.jpg"
        },
        {
            "height": 600,
            "width": 600,
            "id": 10,
            "file_name": "adidas2.jpg"
        },
        {
            "height": 400,
            "width": 400,
            "id": 11,
            "file_name": "tri3.jpg"
        },
        {
            "height": 1500,
            "width": 1500,
            "id": 12,
            "file_name": "einhell2.jpg"
        },
        {
            "height": 600,
            "width": 600,
            "id": 13,
            "file_name": "norseg3.png"
        },
        {
            "height": 582,
            "width": 503,
            "id": 14,
            "file_name": "tesa2.jpg"
        },
        {
            "height": 160,
            "width": 410,
            "id": 15,
            "file_name": "casa4.jpg"
        },
        {
            "height": 493,
            "width": 2126,
            "id": 16,
            "file_name": "zapping2.jpg"
        },
        {
            "height": 720,
            "width": 1280,
            "id": 17,
            "file_name": "easy5.jpeg"
        },
        {
            "height": 367,
            "width": 652,
            "id": 18,
            "file_name": "sherwin2.jpg"
        },
        {
            "height": 280,
            "width": 280,
            "id": 19,
            "file_name": "casa3.jpg"
        },
        {
            "height": 359,
            "width": 1280,
            "id": 20,
            "file_name": "tesa5.png"
        },
        {
            "height": 300,
            "width": 970,
            "id": 21,
            "file_name": "einhell5.JPG"
        },
        {
            "height": 555,
            "width": 750,
            "id": 22,
            "file_name": "tri4.jpeg"
        },
        {
            "height": 800,
            "width": 800,
            "id": 23,
            "file_name": "adidas5.jpg"
        },
        {
            "height": 394,
            "width": 700,
            "id": 24,
            "file_name": "hela3.png"
        },
        {
            "height": 1063,
            "width": 1063,
            "id": 25,
            "file_name": "sherwin5.png"
        },
        {
            "height": 498,
            "width": 716,
            "id": 26,
            "file_name": "norseg11.png"
        },
        {
            "height": 960,
            "width": 1280,
            "id": 27,
            "file_name": "norseg8.jpg"
        },
        {
            "height": 720,
            "width": 1280,
            "id": 28,
            "file_name": "easy2.jpg"
        },
        {
            "height": 480,
            "width": 720,
            "id": 29,
            "file_name": "tesa9.jpg"
        },
        {
            "height": 600,
            "width": 1200,
            "id": 30,
            "file_name": "zapping5.jpeg"
        },
        {
            "height": 555,
            "width": 750,
            "id": 31,
            "file_name": "tri8.jpeg"
        },
        {
            "height": 1000,
            "width": 1000,
            "id": 32,
            "file_name": "tri9.png"
        },
        {
            "height": 315,
            "width": 560,
            "id": 33,
            "file_name": "zapping4.png"
        },
        {
            "height": 400,
            "width": 600,
            "id": 34,
            "file_name": "ptk1.jpg"
        },
        {
            "height": 1500,
            "width": 1500,
            "id": 35,
            "file_name": "norseg9.jpg"
        },
        {
            "height": 713,
            "width": 619,
            "id": 36,
            "file_name": "easy3.jpg"
        },
        {
            "height": 877,
            "width": 608,
            "id": 37,
            "file_name": "tesa8.jpg"
        },
        {
            "height": 1000,
            "width": 1000,
            "id": 38,
            "file_name": "norseg10.jpg"
        },
        {
            "height": 1000,
            "width": 1000,
            "id": 39,
            "file_name": "sherwin4.jpeg"
        },
        {
            "height": 800,
            "width": 800,
            "id": 40,
            "file_name": "hela2.jpg"
        },
        {
            "height": 600,
            "width": 1024,
            "id": 41,
            "file_name": "adidas4.jpeg"
        },
        {
            "height": 156,
            "width": 462,
            "id": 42,
            "file_name": "zapping8.jpg"
        },
        {
            "height": 800,
            "width": 800,
            "id": 43,
            "file_name": "tri5.jpg"
        },
        {
            "height": 202,
            "width": 1024,
            "id": 44,
            "file_name": "einhell4.jpg"
        },
        {
            "height": 800,
            "width": 800,
            "id": 45,
            "file_name": "norseg5.jpeg"
        },
        {
            "height": 119,
            "width": 422,
            "id": 46,
            "file_name": "tesa4.png"
        },
        {
            "height": 236,
            "width": 800,
            "id": 47,
            "file_name": "shorby1.jpg"
        },
        {
            "height": 840,
            "width": 840,
            "id": 48,
            "file_name": "casa2.jpg"
        },
        {
            "height": 1000,
            "width": 1000,
            "id": 49,
            "file_name": "tri6.png"
        },
        {
            "height": 719,
            "width": 792,
            "id": 50,
            "file_name": "tesa7.png"
        },
        {
            "height": 933,
            "width": 700,
            "id": 51,
            "file_name": "norseg6.jpg"
        },
        {
            "height": 600,
            "width": 600,
            "id": 52,
            "file_name": "shorby2.jpg"
        },
        {
            "height": 225,
            "width": 225,
            "id": 53,
            "file_name": "casa1.png"
        },
        {
            "height": 576,
            "width": 1024,
            "id": 54,
            "file_name": "zapping7.jpg"
        },
        {
            "height": 650,
            "width": 500,
            "id": 55,
            "file_name": "ptk2.jpg"
        },
        {
            "height": 202,
            "width": 831,
            "id": 56,
            "file_name": "hela1.jpg"
        },
        {
            "height": 800,
            "width": 749,
            "id": 57,
            "file_name": "pega5.jpg"
        },
        {
            "height": 600,
            "width": 600,
            "id": 58,
            "file_name": "pega4.jpg"
        },
        {
            "height": 1500,
            "width": 1200,
            "id": 59,
            "file_name": "sherwin6.jpeg"
        },
        {
            "height": 768,
            "width": 768,
            "id": 60,
            "file_name": "easy1.jpg"
        },
        {
            "height": 400,
            "width": 400,
            "id": 61,
            "file_name": "ptk3.jpg"
        },
        {
            "height": 477,
            "width": 500,
            "id": 62,
            "file_name": "hela-b1.jpg"
        },
        {
            "height": 480,
            "width": 640,
            "id": 63,
            "file_name": "zapping6.jpeg"
        },
        {
            "height": 100,
            "width": 402,
            "id": 64,
            "file_name": "shorby3.jpg"
        },
        {
            "height": 648,
            "width": 890,
            "id": 65,
            "file_name": "tesa6.png"
        },
        {
            "height": 800,
            "width": 800,
            "id": 66,
            "file_name": "norseg7.jpeg"
        },
        {
            "height": 1000,
            "width": 1000,
            "id": 67,
            "file_name": "tri7.jpg"
        },
        {
            "height": 628,
            "width": 1200,
            "id": 68,
            "file_name": "zapping1.jpg"
        },
        {
            "height": 768,
            "width": 763,
            "id": 69,
            "file_name": "ptk4.jpg"
        },
        {
            "height": 500,
            "width": 900,
            "id": 70,
            "file_name": "easy6.jpg"
        },
        {
            "height": 268,
            "width": 550,
            "id": 71,
            "file_name": "sherwin1.png"
        },
        {
            "height": 628,
            "width": 1200,
            "id": 72,
            "file_name": "pega3.jpg"
        },
        {
            "height": 600,
            "width": 600,
            "id": 73,
            "file_name": "adidas1.jpg"
        },
        {
            "height": 309,
            "width": 500,
            "id": 74,
            "file_name": "einhell1.jpg"
        },
        {
            "height": 705,
            "width": 608,
            "id": 75,
            "file_name": "tesa1.jpg"
        },
        {
            "height": 691,
            "width": 599,
            "id": 76,
            "file_name": "shorby5.jpg"
        },
        {
            "height": 1339,
            "width": 1339,
            "id": 77,
            "file_name": "norseg1.png"
        },
        {
            "height": 205,
            "width": 900,
            "id": 78,
            "file_name": "pega2.jpg"
        },
        {
            "height": 1200,
            "width": 1200,
            "id": 79,
            "file_name": "easy7.jpg"
        }
    ],
    "categories": [
        {
            "supercategory": "adidas",
            "id": 0,
            "name": "adidas"
        },
        {
            "supercategory": "casa",
            "id": 1,
            "name": "casa"
        },
        {
            "supercategory": "easy",
            "id": 2,
            "name": "easy"
        },
        {
            "supercategory": "easy-logo",
            "id": 3,
            "name": "easy-logo"
        },
        {
            "supercategory": "ein",
            "id": 4,
            "name": "ein"
        },
        {
            "supercategory": "hela",
            "id": 5,
            "name": "hela"
        },
        {
            "supercategory": "helab",
            "id": 6,
            "name": "helab"
        },
        {
            "supercategory": "norseg",
            "id": 7,
            "name": "norseg"
        },
        {
            "supercategory": "norseg-logo",
            "id": 8,
            "name": "norseg-logo"
        },
        {
            "supercategory": "pega",
            "id": 9,
            "name": "pega"
        },
        {
            "supercategory": "ptk",
            "id": 10,
            "name": "ptk"
        },
        {
            "supercategory": "sh",
            "id": 11,
            "name": "sh"
        },
        {
            "supercategory": "sw",
            "id": 12,
            "name": "sw"
        },
        {
            "supercategory": "tesa",
            "id": 13,
            "name": "tesa"
        },
        {
            "supercategory": "tri",
            "id": 14,
            "name": "tri"
        },
        {
            "supercategory": "zap",
            "id": 15,
            "name": "zap"
        }
    ],
    "annotations": [
        {
            "segmentation": [
                [
                    43.76190476190476,
                    164.87301587301587,
                    364.3968253968254,
                    164.0793650793651,
                    347.73015873015873,
                    234.71428571428572,
                    35.82539682539682,
                    232.33333333333334
                ]
            ],
            "iscrowd": 0,
            "area": 21847.442680776003,
            "image_id": 0,
            "bbox": [
                35.0,
                164.0,
                329.0,
                70.0
            ],
            "category_id": 9,
            "id": 1
        },
        {
            "segmentation": [
                [
                    246.57142857142856,
                    138.56043956043956,
                    328.989010989011,
                    139.65934065934064,
                    326.79120879120876,
                    180.3186813186813,
                    246.57142857142856,
                    180.3186813186813
                ]
            ],
            "iscrowd": 0,
            "area": 3351.6483516483568,
            "image_id": 1,
            "bbox": [
                246.0,
                138.0,
                82.0,
                42.0
            ],
            "category_id": 12,
            "id": 2
        },
        {
            "segmentation": [
                [
                    327.037037037037,
                    616.037037037037,
                    304.8148148148148,
                    640.1111111111111,
                    302.96296296296293,
                    667.8888888888888,
                    315.9259259259259,
                    697.5185185185185,
                    351.1111111111111,
                    704.9259259259259,
                    380.7407407407407,
                    680.8518518518518,
                    386.29629629629625,
                    656.7777777777777,
                    377.037037037037,
                    630.8518518518518,
                    352.96296296296293,
                    612.3333333333333
                ]
            ],
            "iscrowd": 0,
            "area": 5751.028806584189,
            "image_id": 2,
            "bbox": [
                302.0,
                612.0,
                84.0,
                92.0
            ],
            "category_id": 2,
            "id": 3
        },
        {
            "segmentation": [
                [
                    734.4444444444443,
                    614.1851851851851,
                    706.6666666666666,
                    632.7037037037037,
                    701.1111111111111,
                    666.037037037037,
                    725.1851851851851,
                    699.3703703703703,
                    756.6666666666666,
                    701.2222222222222,
                    782.5925925925925,
                    680.8518518518518,
                    784.4444444444443,
                    647.5185185185185,
                    775.1851851851851,
                    623.4444444444443
                ]
            ],
            "iscrowd": 0,
            "area": 5606.995884773321,
            "image_id": 2,
            "bbox": [
                701.0,
                614.0,
                83.0,
                87.0
            ],
            "category_id": 2,
            "id": 4
        },
        {
            "segmentation": [
                [
                    1138.148148148148,
                    616.037037037037,
                    1110.3703703703702,
                    630.8518518518518,
                    1101.111111111111,
                    662.3333333333333,
                    1114.074074074074,
                    691.9629629629629,
                    1149.2592592592591,
                    703.074074074074,
                    1177.037037037037,
                    682.7037037037037,
                    1186.2962962962963,
                    658.6296296296296,
                    1178.888888888889,
                    629.0,
                    1160.3703703703702,
                    616.037037037037
                ]
            ],
            "iscrowd": 0,
            "area": 5485.253772290889,
            "image_id": 2,
            "bbox": [
                1101.0,
                616.0,
                85.0,
                87.0
            ],
            "category_id": 2,
            "id": 5
        },
        {
            "segmentation": [
                [
                    311.0,
                    646.0,
                    376.0,
                    646.0,
                    369.0,
                    675.0,
                    317.0,
                    674.0,
                    309.0,
                    660.0
                ]
            ],
            "iscrowd": 0,
            "area": 1737.5,
            "image_id": 2,
            "bbox": [
                309.0,
                646.0,
                67.0,
                29.0
            ],
            "category_id": 3,
            "id": 6
        },
        {
            "segmentation": [
                [
                    712.0,
                    647.0,
                    776.0,
                    646.0,
                    770.0,
                    675.0,
                    717.0,
                    674.0,
                    708.0,
                    660.0
                ]
            ],
            "iscrowd": 0,
            "area": 1724.5,
            "image_id": 2,
            "bbox": [
                708.0,
                646.0,
                68.0,
                29.0
            ],
            "category_id": 3,
            "id": 7
        },
        {
            "segmentation": [
                [
                    1112.0,
                    646.0,
                    1177.0,
                    646.0,
                    1170.0,
                    676.0,
                    1117.0,
                    676.0,
                    1109.0,
                    660.0
                ]
            ],
            "iscrowd": 0,
            "area": 1850.0,
            "image_id": 2,
            "bbox": [
                1109.0,
                646.0,
                68.0,
                30.0
            ],
            "category_id": 3,
            "id": 8
        },
        {
            "segmentation": [
                [
                    110.8095238095238,
                    328.4761904761905,
                    109.85714285714283,
                    300.85714285714283,
                    138.42857142857144,
                    294.1904761904762,
                    142.23809523809524,
                    322.76190476190476,
                    153.66666666666663,
                    319.90476190476187,
                    154.6190476190476,
                    330.38095238095235,
                    132.71428571428572,
                    344.66666666666663,
                    96.52380952380952,
                    349.4285714285714,
                    94.61904761904762,
                    332.2857142857143
                ]
            ],
            "iscrowd": 0,
            "area": 1895.2380952380772,
            "image_id": 3,
            "bbox": [
                94.0,
                294.0,
                60.0,
                55.0
            ],
            "category_id": 14,
            "id": 9
        },
        {
            "segmentation": [
                [
                    277.4761904761905,
                    338.0,
                    292.7142857142857,
                    338.0,
                    291.76190476190476,
                    311.3333333333333,
                    321.2857142857143,
                    303.7142857142857,
                    322.23809523809524,
                    335.1428571428571,
                    331.76190476190476,
                    330.38095238095235,
                    332.7142857142857,
                    344.66666666666663,
                    308.90476190476187,
                    357.04761904761904,
                    274.6190476190476,
                    356.0952380952381
                ]
            ],
            "iscrowd": 0,
            "area": 1872.1088435373968,
            "image_id": 3,
            "bbox": [
                274.0,
                303.0,
                58.0,
                54.0
            ],
            "category_id": 14,
            "id": 10
        },
        {
            "segmentation": [
                [
                    313.4761904761905,
                    413.95238095238096,
                    394.42857142857144,
                    416.33333333333337,
                    393.23809523809524,
                    435.3809523809524,
                    312.2857142857143,
                    431.80952380952385
                ]
            ],
            "iscrowd": 0,
            "area": 1497.3072562357993,
            "image_id": 4,
            "bbox": [
                312.0,
                413.0,
                82.0,
                22.0
            ],
            "category_id": 15,
            "id": 11
        },
        {
            "segmentation": [
                [
                    78.26829268292683,
                    97.3170731707317,
                    735.5853658536585,
                    97.3170731707317,
                    708.7560975609756,
                    224.14634146341461,
                    64.85365853658536,
                    221.7073170731707
                ]
            ],
            "iscrowd": 0,
            "area": 81747.4717430101,
            "image_id": 5,
            "bbox": [
                64.0,
                97.0,
                671.0,
                127.0
            ],
            "category_id": 7,
            "id": 12
        },
        {
            "segmentation": [
                [
                    563.6341463414634,
                    232.6829268292683,
                    705.0975609756097,
                    232.6829268292683,
                    657.5365853658536,
                    415.60975609756093,
                    520.951219512195,
                    411.9512195121951
                ]
            ],
            "iscrowd": 0,
            "area": 25259.518143961905,
            "image_id": 5,
            "bbox": [
                520.0,
                232.0,
                185.0,
                183.0
            ],
            "category_id": 8,
            "id": 13
        },
        {
            "segmentation": [
                [
                    1.6143790849673203,
                    0.1895424836601336,
                    423.83660130718954,
                    1.496732026143789,
                    425.0,
                    117.0,
                    2.0,
                    117.0
                ]
            ],
            "iscrowd": 0,
            "area": 49088.674612328585,
            "image_id": 6,
            "bbox": [
                1.0,
                0.0,
                424.0,
                117.0
            ],
            "category_id": 13,
            "id": 14
        },
        {
            "segmentation": [
                [
                    40.492063492063494,
                    331.92063492063494,
                    203.984126984127,
                    330.3333333333333,
                    203.984126984127,
                    362.07936507936506,
                    764.3015873015873,
                    362.07936507936506,
                    762.7142857142857,
                    438.26984126984127,
                    203.984126984127,
                    435.0952380952381,
                    202.39682539682542,
                    468.42857142857144,
                    38.9047619047619,
                    468.42857142857144
                ]
            ],
            "iscrowd": 0,
            "area": 64273.11665406905,
            "image_id": 7,
            "bbox": [
                38.0,
                330.0,
                726.0,
                138.0
            ],
            "category_id": 4,
            "id": 15
        },
        {
            "segmentation": [
                [
                    377.0952380952381,
                    238.1428571428571,
                    437.0952380952381,
                    236.23809523809524,
                    433.2857142857143,
                    122.9047619047619,
                    534.2380952380952,
                    119.09523809523807,
                    540.9047619047619,
                    230.52380952380952,
                    598.047619047619,
                    232.4285714285714,
                    600.9047619047619,
                    275.2857142857143,
                    377.0952380952381,
                    278.1428571428571
                ]
            ],
            "iscrowd": 0,
            "area": 21050.79365079361,
            "image_id": 8,
            "bbox": [
                377.0,
                119.0,
                223.0,
                159.0
            ],
            "category_id": 14,
            "id": 16
        },
        {
            "segmentation": [
                [
                    382.59259259259255,
                    315.2222222222222,
                    645.5555555555555,
                    96.7037037037037,
                    810.3703703703703,
                    367.074074074074,
                    875.1851851851851,
                    385.5925925925926,
                    873.3333333333333,
                    472.62962962962956,
                    327.037037037037,
                    476.33333333333326,
                    328.88888888888886,
                    372.62962962962956
                ]
            ],
            "iscrowd": 0,
            "area": 123974.622770919,
            "image_id": 9,
            "bbox": [
                327.0,
                96.0,
                548.0,
                380.0
            ],
            "category_id": 0,
            "id": 17
        },
        {
            "segmentation": [
                [
                    233.0,
                    307.5238095238095,
                    298.4761904761905,
                    252.76190476190476,
                    349.6666666666667,
                    312.2857142857143,
                    248.47619047619048,
                    319.42857142857144
                ]
            ],
            "iscrowd": 0,
            "area": 4007.936507936509,
            "image_id": 10,
            "bbox": [
                233.0,
                252.0,
                116.0,
                67.0
            ],
            "category_id": 0,
            "id": 18
        },
        {
            "segmentation": [
                [
                    9.634920634920633,
                    255.34920634920633,
                    117.57142857142858,
                    253.76190476190476,
                    116.77777777777777,
                    79.95238095238095,
                    278.6825396825397,
                    75.19047619047619,
                    278.6825396825397,
                    256.14285714285717,
                    389.7936507936508,
                    257.73015873015873,
                    389.7936507936508,
                    322.8095238095238,
                    11.222222222222229,
                    325.1904761904762
                ]
            ],
            "iscrowd": 0,
            "area": 54666.79264298314,
            "image_id": 11,
            "bbox": [
                9.0,
                75.0,
                380.0,
                250.0
            ],
            "category_id": 14,
            "id": 19
        },
        {
            "segmentation": [
                [
                    209.58139534883722,
                    646.5116279069767,
                    467.72093023255815,
                    646.5116279069767,
                    467.72093023255815,
                    693.0232558139535,
                    1309.5813953488373,
                    688.3720930232558,
                    1307.2558139534883,
                    813.953488372093,
                    463.06976744186045,
                    806.9767441860465,
                    463.06976744186045,
                    853.4883720930233,
                    202.6046511627907,
                    853.4883720930233
                ]
            ],
            "iscrowd": 0,
            "area": 154640.34613304492,
            "image_id": 12,
            "bbox": [
                202.0,
                646.0,
                1107.0,
                207.0
            ],
            "category_id": 4,
            "id": 20
        },
        {
            "segmentation": [
                [
                    85.38095238095238,
                    193.23809523809524,
                    536.5714285714286,
                    192.04761904761907,
                    517.5238095238095,
                    276.57142857142856,
                    75.85714285714286,
                    277.76190476190476
                ]
            ],
            "iscrowd": 0,
            "area": 37716.836734693876,
            "image_id": 13,
            "bbox": [
                75.0,
                192.0,
                461.0,
                85.0
            ],
            "category_id": 7,
            "id": 21
        },
        {
            "segmentation": [
                [
                    412.76190476190476,
                    286.09523809523813,
                    502.04761904761904,
                    286.09523809523813,
                    473.4761904761905,
                    403.95238095238096,
                    385.3809523809524,
                    401.5714285714286
                ]
            ],
            "iscrowd": 0,
            "area": 10380.527210884378,
            "image_id": 13,
            "bbox": [
                385.0,
                286.0,
                117.0,
                117.0
            ],
            "category_id": 8,
            "id": 22
        },
        {
            "segmentation": [
                [
                    31.620689655172413,
                    93.25287356321839,
                    246.5632183908046,
                    93.25287356321839,
                    247.71264367816093,
                    154.17241379310346,
                    30.471264367816104,
                    153.02298850574712
                ]
            ],
            "iscrowd": 0,
            "area": 13040.03170828379,
            "image_id": 14,
            "bbox": [
                30.0,
                93.0,
                217.0,
                61.0
            ],
            "category_id": 13,
            "id": 23
        },
        {
            "segmentation": [
                [
                    6.25,
                    7.25,
                    406.25,
                    5.375,
                    405.625,
                    109.75,
                    5.625,
                    110.375
                ]
            ],
            "iscrowd": 0,
            "area": 41499.21875,
            "image_id": 15,
            "bbox": [
                5.0,
                5.0,
                401.0,
                105.0
            ],
            "category_id": 1,
            "id": 24
        },
        {
            "segmentation": [
                [
                    1938.3333333333335,
                    95.66666666666674,
                    1941.6666666666667,
                    402.33333333333337,
                    151.66666666666669,
                    399.0,
                    155.0,
                    95.66666666666674
                ]
            ],
            "iscrowd": 0,
            "area": 544933.3333333333,
            "image_id": 16,
            "bbox": [
                151.0,
                95.0,
                1790.0,
                307.0
            ],
            "category_id": 15,
            "id": 25
        },
        {
            "segmentation": [
                [
                    780.2745098039215,
                    166.88235294117646,
                    701.843137254902,
                    198.2549019607843,
                    635.1764705882352,
                    270.80392156862746,
                    607.7254901960785,
                    370.80392156862746,
                    629.2941176470588,
                    464.92156862745094,
                    678.313725490196,
                    525.7058823529412,
                    795.9607843137255,
                    580.6078431372549,
                    899.8823529411765,
                    561.0,
                    968.5098039215686,
                    511.98039215686276,
                    1015.5686274509803,
                    419.82352941176475,
                    1019.4901960784314,
                    329.62745098039215,
                    984.1960784313725,
                    251.19607843137254,
                    986.156862745098,
                    215.9019607843137,
                    958.7058823529411,
                    196.29411764705884,
                    929.2941176470588,
                    202.1764705882353,
                    868.5098039215686,
                    164.921568627451
                ]
            ],
            "iscrowd": 0,
            "area": 132035.7554786615,
            "image_id": 17,
            "bbox": [
                607.0,
                164.0,
                412.0,
                416.0
            ],
            "category_id": 2,
            "id": 26
        },
        {
            "segmentation": [
                [
                    658.7058823529412,
                    319.8235294117647,
                    986.156862745098,
                    317.8627450980392,
                    943.0196078431372,
                    445.313725490196,
                    664.5882352941177,
                    443.3529411764706,
                    644.9803921568628,
                    366.88235294117646
                ]
            ],
            "iscrowd": 0,
            "area": 39002.30680507491,
            "image_id": 17,
            "bbox": [
                644.0,
                317.0,
                342.0,
                128.0
            ],
            "category_id": 3,
            "id": 27
        },
        {
            "segmentation": [
                [
                    219.0,
                    94.0,
                    604.0,
                    94.0,
                    581.0,
                    262.0,
                    219.0,
                    258.0
                ]
            ],
            "iscrowd": 0,
            "area": 62024.0,
            "image_id": 18,
            "bbox": [
                219.0,
                94.0,
                385.0,
                168.0
            ],
            "category_id": 12,
            "id": 28
        },
        {
            "segmentation": [
                [
                    11.591160220994475,
                    91.16022099447514,
                    271.8121546961326,
                    90.60773480662984,
                    270.15469613259665,
                    163.53591160220995,
                    8.828729281767956,
                    160.77348066298342
                ]
            ],
            "iscrowd": 0,
            "area": 18587.95519062299,
            "image_id": 19,
            "bbox": [
                8.0,
                90.0,
                263.0,
                73.0
            ],
            "category_id": 1,
            "id": 29
        },
        {
            "segmentation": [
                [
                    121.45098039215686,
                    100.60784313725492,
                    682.2352941176471,
                    100.60784313725492,
                    680.2745098039215,
                    255.50980392156862,
                    119.49019607843137,
                    255.50980392156862
                ]
            ],
            "iscrowd": 0,
            "area": 86866.58977316416,
            "image_id": 20,
            "bbox": [
                119.0,
                100.0,
                563.0,
                155.0
            ],
            "category_id": 13,
            "id": 30
        },
        {
            "segmentation": [
                [
                    85.04477611940298,
                    69.50746268656712,
                    267.13432835820896,
                    69.50746268656712,
                    267.13432835820896,
                    108.31343283582089,
                    892.5074626865671,
                    106.82089552238801,
                    891.0149253731342,
                    194.88059701492534,
                    270.1194029850746,
                    193.38805970149252,
                    270.1194029850746,
                    232.19402985074623,
                    83.55223880597015,
                    232.19402985074623
                ]
            ],
            "iscrowd": 0,
            "area": 83930.71953664516,
            "image_id": 21,
            "bbox": [
                83.0,
                69.0,
                809.0,
                163.0
            ],
            "category_id": 4,
            "id": 31
        },
        {
            "segmentation": [
                [
                    317.6896551724138,
                    133.27586206896552,
                    351.02298850574715,
                    132.1264367816092,
                    348.7241379310345,
                    85.0,
                    394.7011494252874,
                    82.70114942528735,
                    393.55172413793105,
                    130.97701149425288,
                    429.18390804597703,
                    130.97701149425288,
                    429.18390804597703,
                    152.816091954023,
                    318.8390804597701,
                    153.9655172413793
                ]
            ],
            "iscrowd": 0,
            "area": 4517.769850706827,
            "image_id": 22,
            "bbox": [
                317.0,
                82.0,
                112.0,
                71.0
            ],
            "category_id": 14,
            "id": 32
        },
        {
            "segmentation": [
                [
                    238.90476190476193,
                    406.5238095238095,
                    243.66666666666669,
                    379.53968253968253,
                    361.1269841269841,
                    277.95238095238096,
                    411.92063492063494,
                    387.4761904761905,
                    437.31746031746036,
                    397.0,
                    432.55555555555554,
                    436.6825396825397,
                    235.73015873015873,
                    423.984126984127
                ]
            ],
            "iscrowd": 0,
            "area": 18019.652305366588,
            "image_id": 23,
            "bbox": [
                235.0,
                277.0,
                202.0,
                159.0
            ],
            "category_id": 0,
            "id": 33
        },
        {
            "segmentation": [
                [
                    145.46236559139786,
                    165.93548387096772,
                    440.0860215053763,
                    167.01075268817203,
                    431.4838709677419,
                    236.9032258064516,
                    144.38709677419354,
                    235.8279569892473
                ]
            ],
            "iscrowd": 0,
            "area": 20334.142675453797,
            "image_id": 24,
            "bbox": [
                144.0,
                165.0,
                296.0,
                71.0
            ],
            "category_id": 5,
            "id": 34
        },
        {
            "segmentation": [
                [
                    477.8085106382979,
                    218.65957446808508,
                    654.4042553191489,
                    220.78723404255317,
                    645.8936170212766,
                    301.6382978723404,
                    473.55319148936167,
                    301.6382978723404
                ]
            ],
            "iscrowd": 0,
            "area": 14298.325033951958,
            "image_id": 25,
            "bbox": [
                473.0,
                218.0,
                181.0,
                83.0
            ],
            "category_id": 12,
            "id": 35
        },
        {
            "segmentation": [
                [
                    252.04395604395603,
                    175.4945054945055,
                    357.53846153846155,
                    119.45054945054946,
                    385.010989010989,
                    184.28571428571428,
                    385.010989010989,
                    234.83516483516485,
                    278.4175824175824,
                    286.4835164835165
                ]
            ],
            "iscrowd": 0,
            "area": 14146.842168820178,
            "image_id": 26,
            "bbox": [
                252.0,
                119.0,
                133.0,
                167.0
            ],
            "category_id": 8,
            "id": 36
        },
        {
            "segmentation": [
                [
                    509.68627450980387,
                    104.52941176470588,
                    564.5882352941177,
                    86.88235294117646,
                    576.3529411764706,
                    157.47058823529412,
                    517.5294117647059,
                    179.0392156862745
                ]
            ],
            "iscrowd": 0,
            "area": 4317.570165321027,
            "image_id": 27,
            "bbox": [
                509.0,
                86.0,
                67.0,
                93.0
            ],
            "category_id": 8,
            "id": 37
        },
        {
            "segmentation": [
                [
                    152.8235294117647,
                    45.31372549019608,
                    125.37254901960785,
                    80.60784313725489,
                    125.37254901960785,
                    129.62745098039215,
                    152.8235294117647,
                    166.88235294117646,
                    192.0392156862745,
                    180.60784313725492,
                    239.09803921568627,
                    166.88235294117646,
                    262.62745098039215,
                    131.58823529411762,
                    266.54901960784315,
                    92.37254901960785,
                    254.78431372549016,
                    61.0,
                    248.90196078431373,
                    49.235294117647044,
                    239.09803921568627,
                    47.274509803921575,
                    209.68627450980392,
                    33.54901960784312,
                    180.27450980392157,
                    31.588235294117652
                ]
            ],
            "iscrowd": 0,
            "area": 16380.238369857747,
            "image_id": 28,
            "bbox": [
                125.0,
                31.0,
                141.0,
                149.0
            ],
            "category_id": 2,
            "id": 38
        },
        {
            "segmentation": [
                [
                    140.0,
                    88.0,
                    254.0,
                    86.0,
                    242.0,
                    133.0,
                    146.0,
                    134.0,
                    132.0,
                    113.0
                ]
            ],
            "iscrowd": 0,
            "area": 5137.0,
            "image_id": 28,
            "bbox": [
                132.0,
                86.0,
                122.0,
                48.0
            ],
            "category_id": 3,
            "id": 39
        },
        {
            "segmentation": [
                [
                    99.0989010989011,
                    68.6923076923077,
                    452.94505494505495,
                    68.6923076923077,
                    451.8461538461538,
                    163.1978021978022,
                    95.8021978021978,
                    164.2967032967033
                ]
            ],
            "iscrowd": 0,
            "area": 33738.07511170149,
            "image_id": 29,
            "bbox": [
                95.0,
                68.0,
                357.0,
                96.0
            ],
            "category_id": 13,
            "id": 40
        },
        {
            "segmentation": [
                [
                    443.7037037037037,
                    408.62962962962956,
                    669.6296296296296,
                    406.7777777777777,
                    669.6296296296296,
                    451.2222222222222,
                    441.85185185185185,
                    449.3703703703703
                ]
            ],
            "iscrowd": 0,
            "area": 9662.208504801092,
            "image_id": 30,
            "bbox": [
                441.0,
                406.0,
                228.0,
                45.0
            ],
            "category_id": 15,
            "id": 41
        },
        {
            "segmentation": [
                [
                    316.5402298850575,
                    434.42528735632186,
                    341.82758620689657,
                    434.42528735632186,
                    341.82758620689657,
                    373.5057471264368,
                    405.04597701149424,
                    373.5057471264368,
                    403.8965517241379,
                    432.1264367816092,
                    432.632183908046,
                    433.2758620689655,
                    432.632183908046,
                    460.86206896551727,
                    314.2413793103448,
                    460.86206896551727
                ]
            ],
            "iscrowd": 0,
            "area": 6963.93182718975,
            "image_id": 31,
            "bbox": [
                314.0,
                373.0,
                118.0,
                87.0
            ],
            "category_id": 14,
            "id": 42
        },
        {
            "segmentation": [
                [
                    491.0,
                    187.0,
                    495.0,
                    115.0,
                    581.0,
                    113.0,
                    581.0,
                    193.0,
                    641.0,
                    193.0,
                    637.0,
                    255.0,
                    443.0,
                    255.0,
                    441.0,
                    195.0
                ]
            ],
            "iscrowd": 0,
            "area": 19278.0,
            "image_id": 32,
            "bbox": [
                441.0,
                113.0,
                200.0,
                142.0
            ],
            "category_id": 14,
            "id": 43
        },
        {
            "segmentation": [
                [
                    316.0940170940171,
                    230.5982905982906,
                    388.7435897435898,
                    236.5811965811966,
                    388.7435897435898,
                    253.67521367521368,
                    316.0940170940171,
                    245.12820512820514
                ]
            ],
            "iscrowd": 0,
            "area": 1148.732558988966,
            "image_id": 33,
            "bbox": [
                316.0,
                230.0,
                72.0,
                23.0
            ],
            "category_id": 15,
            "id": 44
        },
        {
            "segmentation": [
                [
                    365.8899082568807,
                    159.6605504587156,
                    395.2477064220183,
                    131.2201834862385,
                    432.8623853211009,
                    154.15596330275227,
                    437.44954128440367,
                    181.6788990825688,
                    410.8440366972477,
                    207.3669724770642,
                    396.1651376146789,
                    207.3669724770642,
                    361.30275229357795,
                    169.75229357798165
                ]
            ],
            "iscrowd": 0,
            "area": 3630.165810958628,
            "image_id": 34,
            "bbox": [
                361.0,
                131.0,
                76.0,
                76.0
            ],
            "category_id": 10,
            "id": 45
        },
        {
            "segmentation": [
                [
                    148.45871559633025,
                    240.39449541284404,
                    402.58715596330273,
                    276.17431192660547,
                    374.14678899082566,
                    328.46788990825684,
                    133.77981651376146,
                    285.348623853211
                ]
            ],
            "iscrowd": 0,
            "area": 12872.653817018756,
            "image_id": 34,
            "bbox": [
                133.0,
                240.0,
                269.0,
                88.0
            ],
            "category_id": 9,
            "id": 46
        },
        {
            "segmentation": [
                [
                    611.9069767441861,
                    500.0,
                    660.7441860465117,
                    476.74418604651163,
                    690.9767441860465,
                    558.1395348837209,
                    642.1395348837209,
                    586.046511627907
                ]
            ],
            "iscrowd": 0,
            "area": 4862.087614926975,
            "image_id": 35,
            "bbox": [
                611.0,
                476.0,
                79.0,
                110.0
            ],
            "category_id": 8,
            "id": 47
        },
        {
            "segmentation": [
                [
                    41.774647887323965,
                    193.3661971830986,
                    153.04225352112678,
                    49.70422535211268,
                    347.4084507042254,
                    11.67605633802817,
                    540.3661971830986,
                    80.69014084507043,
                    605.1549295774648,
                    307.4507042253521,
                    530.5070422535211,
                    500.4084507042254,
                    364.30985915492965,
                    584.9154929577466,
                    182.6197183098592,
                    569.4225352112676,
                    47.40845070422537,
                    429.98591549295776,
                    17.83098591549296,
                    311.67605633802816
                ]
            ],
            "iscrowd": 0,
            "area": 256721.88057925022,
            "image_id": 36,
            "bbox": [
                17.0,
                11.0,
                588.0,
                573.0
            ],
            "category_id": 2,
            "id": 48
        },
        {
            "segmentation": [
                [
                    89.66197183098592,
                    235.61971830985917,
                    541.774647887324,
                    232.80281690140845,
                    479.8028169014085,
                    406.0422535211268,
                    99.52112676056339,
                    393.3661971830986,
                    75.57746478873241,
                    287.7323943661972
                ]
            ],
            "iscrowd": 0,
            "area": 70373.9337433049,
            "image_id": 36,
            "bbox": [
                75.0,
                232.0,
                466.0,
                174.0
            ],
            "category_id": 3,
            "id": 49
        },
        {
            "segmentation": [
                [
                    45.29824561403507,
                    143.87719298245614,
                    248.80701754385962,
                    140.36842105263156,
                    248.80701754385962,
                    194.75438596491225,
                    47.05263157894734,
                    196.50877192982455
                ]
            ],
            "iscrowd": 0,
            "area": 10844.875346260385,
            "image_id": 37,
            "bbox": [
                45.0,
                140.0,
                203.0,
                56.0
            ],
            "category_id": 13,
            "id": 50
        },
        {
            "segmentation": [
                [
                    385.0,
                    177.0,
                    429.0,
                    169.0,
                    435.0,
                    227.0,
                    389.38461538461536,
                    238.46153846153845
                ]
            ],
            "iscrowd": 0,
            "area": 2726.9230769230926,
            "image_id": 38,
            "bbox": [
                385.0,
                169.0,
                50.0,
                69.0
            ],
            "category_id": 8,
            "id": 51
        },
        {
            "segmentation": [
                [
                    448.41269841269843,
                    154.76190476190476,
                    628.5714285714286,
                    157.93650793650792,
                    621.4285714285714,
                    238.88888888888889,
                    446.031746031746,
                    236.5079365079365
                ]
            ],
            "iscrowd": 0,
            "area": 14475.308641975338,
            "image_id": 39,
            "bbox": [
                446.0,
                154.0,
                182.0,
                84.0
            ],
            "category_id": 12,
            "id": 52
        },
        {
            "segmentation": [
                [
                    389.24390243902434,
                    267.0731707317073,
                    502.6585365853658,
                    253.65853658536582,
                    511.19512195121945,
                    278.04878048780483,
                    391.68292682926824,
                    292.6829268292683
                ]
            ],
            "iscrowd": 0,
            "area": 2988.548483045801,
            "image_id": 40,
            "bbox": [
                389.0,
                253.0,
                122.0,
                39.0
            ],
            "category_id": 5,
            "id": 53
        },
        {
            "segmentation": [
                [
                    349.5625,
                    298.3125,
                    554.25,
                    132.6875,
                    676.125,
                    329.5625,
                    724.5625,
                    346.75,
                    726.125,
                    418.625,
                    305.8125,
                    415.5,
                    305.8125,
                    353.0
                ]
            ],
            "iscrowd": 0,
            "area": 71793.212890625,
            "image_id": 41,
            "bbox": [
                305.0,
                132.0,
                421.0,
                286.0
            ],
            "category_id": 0,
            "id": 54
        },
        {
            "segmentation": [
                [
                    8.15492957746479,
                    53.22535211267606,
                    324.3521126760564,
                    52.52112676056339,
                    324.3521126760564,
                    103.92957746478874,
                    8.15492957746479,
                    104.63380281690141
                ]
            ],
            "iscrowd": 0,
            "area": 16255.207300138864,
            "image_id": 42,
            "bbox": [
                8.0,
                52.0,
                316.0,
                52.0
            ],
            "category_id": 15,
            "id": 55
        },
        {
            "segmentation": [
                [
                    386.80487804878044,
                    630.4878048780487,
                    386.80487804878044,
                    601.2195121951219,
                    425.8292682926829,
                    601.2195121951219,
                    423.390243902439,
                    525.609756097561,
                    494.12195121951214,
                    520.7317073170732,
                    496.56097560975604,
                    592.6829268292682,
                    525.8292682926829,
                    589.0243902439024,
                    527.0487804878048,
                    621.951219512195,
                    450.2195121951219,
                    634.1463414634146
                ]
            ],
            "iscrowd": 0,
            "area": 9868.381915526465,
            "image_id": 43,
            "bbox": [
                386.0,
                520.0,
                141.0,
                114.0
            ],
            "category_id": 14,
            "id": 56
        },
        {
            "segmentation": [
                [
                    1.125,
                    0.875,
                    227.6875,
                    0.875,
                    227.6875,
                    54.0,
                    999.5625,
                    50.875,
                    996.4375,
                    154.0,
                    229.25,
                    152.4375,
                    229.0,
                    201.0,
                    2.6875,
                    197.75
                ]
            ],
            "iscrowd": 0,
            "area": 122514.599609375,
            "image_id": 44,
            "bbox": [
                1.0,
                0.0,
                998.0,
                201.0
            ],
            "category_id": 4,
            "id": 57
        },
        {
            "segmentation": [
                [
                    410.33333333333337,
                    98.58730158730158,
                    456.3650793650794,
                    101.76190476190476,
                    445.2539682539682,
                    147.79365079365078,
                    399.2222222222222,
                    146.20634920634922
                ]
            ],
            "iscrowd": 0,
            "area": 2181.9098009574227,
            "image_id": 45,
            "bbox": [
                399.0,
                98.0,
                57.0,
                49.0
            ],
            "category_id": 8,
            "id": 58
        },
        {
            "segmentation": [
                [
                    3.516129032258064,
                    1.806451612903217,
                    417.7096774193548,
                    2.451612903225808,
                    417.06451612903226,
                    116.64516129032256,
                    4.806451612903226,
                    116.64516129032256
                ]
            ],
            "iscrowd": 0,
            "area": 47320.91571279916,
            "image_id": 46,
            "bbox": [
                3.0,
                1.0,
                414.0,
                115.0
            ],
            "category_id": 13,
            "id": 59
        },
        {
            "segmentation": [
                [
                    31.92682926829268,
                    26.292682926829258,
                    767.2926829268292,
                    26.292682926829258,
                    699.0,
                    137.2682926829268,
                    627.0487804878048,
                    118.97560975609753,
                    224.60975609756096,
                    117.7560975609756,
                    189.24390243902437,
                    139.7073170731707,
                    28.268292682926827,
                    115.3170731707317
                ]
            ],
            "iscrowd": 0,
            "area": 67923.85484830459,
            "image_id": 47,
            "bbox": [
                28.0,
                26.0,
                739.0,
                113.0
            ],
            "category_id": 11,
            "id": 60
        },
        {
            "segmentation": [
                [
                    211.0,
                    364.33333333333337,
                    524.3333333333334,
                    364.33333333333337,
                    521.0,
                    309.33333333333337,
                    691.0,
                    362.6666666666667,
                    691.0,
                    447.6666666666667,
                    199.33333333333337,
                    447.6666666666667,
                    192.66666666666669,
                    366.0
                ]
            ],
            "iscrowd": 0,
            "area": 45965.27777777775,
            "image_id": 48,
            "bbox": [
                192.0,
                309.0,
                499.0,
                138.0
            ],
            "category_id": 1,
            "id": 61
        },
        {
            "segmentation": [
                [
                    343.0,
                    827.0,
                    401.0,
                    829.0,
                    403.0,
                    707.0,
                    525.0,
                    707.0,
                    523.0,
                    831.0,
                    591.0,
                    833.0,
                    593.0,
                    891.0,
                    349.0,
                    883.0
                ]
            ],
            "iscrowd": 0,
            "area": 28982.0,
            "image_id": 49,
            "bbox": [
                343.0,
                707.0,
                250.0,
                184.0
            ],
            "category_id": 14,
            "id": 62
        },
        {
            "segmentation": [
                [
                    273.1428571428571,
                    163.14285714285714,
                    518.8571428571428,
                    163.14285714285714,
                    518.8571428571428,
                    227.42857142857142,
                    274.57142857142856,
                    225.99999999999997
                ]
            ],
            "iscrowd": 0,
            "area": 15574.489795918373,
            "image_id": 50,
            "bbox": [
                273.0,
                163.0,
                245.0,
                64.0
            ],
            "category_id": 13,
            "id": 63
        },
        {
            "segmentation": [
                [
                    167.0,
                    374.0,
                    207.0,
                    364.0,
                    204.0,
                    405.0,
                    167.0,
                    411.0
                ]
            ],
            "iscrowd": 0,
            "area": 1489.5,
            "image_id": 51,
            "bbox": [
                167.0,
                364.0,
                40.0,
                47.0
            ],
            "category_id": 8,
            "id": 64
        },
        {
            "segmentation": [
                [
                    72.28571428571428,
                    120.61904761904762,
                    309.1904761904762,
                    133.71428571428572,
                    291.33333333333337,
                    165.85714285714286,
                    267.5238095238095,
                    161.0952380952381,
                    138.95238095238096,
                    153.95238095238096,
                    127.04761904761907,
                    162.28571428571428,
                    72.28571428571428,
                    153.95238095238096
                ]
            ],
            "iscrowd": 0,
            "area": 7234.977324263047,
            "image_id": 52,
            "bbox": [
                72.0,
                120.0,
                237.0,
                45.0
            ],
            "category_id": 11,
            "id": 65
        },
        {
            "segmentation": [
                [
                    360.3809523809524,
                    174.1904761904762,
                    587.7619047619048,
                    176.57142857142858,
                    568.7142857142858,
                    219.42857142857144,
                    544.9047619047619,
                    211.0952380952381,
                    423.4761904761905,
                    208.71428571428572,
                    410.3809523809524,
                    217.04761904761907,
                    362.76190476190476,
                    211.0952380952381
                ]
            ],
            "iscrowd": 0,
            "area": 7947.1371882085805,
            "image_id": 52,
            "bbox": [
                360.0,
                174.0,
                227.0,
                45.0
            ],
            "category_id": 11,
            "id": 66
        },
        {
            "segmentation": [
                [
                    10.555555555555557,
                    69.77777777777777,
                    220.33333333333334,
                    69.77777777777777,
                    219.44444444444446,
                    127.11111111111111,
                    6.111111111111114,
                    124.88888888888889
                ]
            ],
            "iscrowd": 0,
            "area": 11897.086419753086,
            "image_id": 53,
            "bbox": [
                6.0,
                69.0,
                214.0,
                58.0
            ],
            "category_id": 1,
            "id": 67
        },
        {
            "segmentation": [
                [
                    223.0,
                    270.0,
                    305.0,
                    271.0,
                    305.0,
                    289.0,
                    220.0,
                    288.0
                ]
            ],
            "iscrowd": 0,
            "area": 1504.5,
            "image_id": 54,
            "bbox": [
                220.0,
                270.0,
                85.0,
                19.0
            ],
            "category_id": 15,
            "id": 68
        },
        {
            "segmentation": [
                [
                    286.97435897435895,
                    316.94871794871796,
                    316.46153846153845,
                    283.6153846153846,
                    339.53846153846155,
                    286.1794871794872,
                    361.33333333333337,
                    310.53846153846155,
                    366.46153846153845,
                    341.3076923076923,
                    343.38461538461536,
                    368.2307692307692,
                    321.5897435897436,
                    364.38461538461536,
                    293.38461538461536,
                    341.3076923076923
                ]
            ],
            "iscrowd": 0,
            "area": 4629.355687047937,
            "image_id": 55,
            "bbox": [
                286.0,
                283.0,
                80.0,
                85.0
            ],
            "category_id": 10,
            "id": 69
        },
        {
            "segmentation": [
                [
                    80.56410256410257,
                    391.3076923076923,
                    308.7692307692308,
                    432.3333333333333,
                    294.66666666666663,
                    478.48717948717945,
                    253.64102564102564,
                    479.7692307692308,
                    238.25641025641022,
                    469.5128205128205,
                    74.15384615384613,
                    436.1794871794872
                ]
            ],
            "iscrowd": 0,
            "area": 11062.623274161713,
            "image_id": 55,
            "bbox": [
                74.0,
                391.0,
                234.0,
                88.0
            ],
            "category_id": 9,
            "id": 70
        },
        {
            "segmentation": [
                [
                    236.97435897435895,
                    165.66666666666666,
                    363.8974358974359,
                    177.2051282051282,
                    354.9230769230769,
                    210.53846153846152,
                    230.56410256410254,
                    197.7179487179487
                ]
            ],
            "iscrowd": 0,
            "area": 4201.183431952668,
            "image_id": 55,
            "bbox": [
                230.0,
                165.0,
                133.0,
                45.0
            ],
            "category_id": 9,
            "id": 71
        },
        {
            "segmentation": [
                [
                    11.658227848101266,
                    199.25316455696202,
                    14.189873417721518,
                    0.5189873417721458,
                    795.2025316455696,
                    1.784810126582272,
                    791.4050632911392,
                    200.51898734177212
                ]
            ],
            "iscrowd": 0,
            "area": 155092.1326710463,
            "image_id": 56,
            "bbox": [
                11.0,
                0.0,
                784.0,
                200.0
            ],
            "category_id": 5,
            "id": 72
        },
        {
            "segmentation": [
                [
                    82.15873015873015,
                    181.12698412698413,
                    455.17460317460313,
                    177.95238095238096,
                    432.95238095238096,
                    255.73015873015873,
                    66.28571428571428,
                    249.38095238095238
                ]
            ],
            "iscrowd": 0,
            "area": 27034.517510707985,
            "image_id": 57,
            "bbox": [
                66.0,
                177.0,
                389.0,
                78.0
            ],
            "category_id": 9,
            "id": 73
        },
        {
            "segmentation": [
                [
                    505.968253968254,
                    328.74603174603175,
                    631.3650793650794,
                    333.5079365079365,
                    625.015873015873,
                    370.015873015873,
                    498.031746031746,
                    362.07936507936506
                ]
            ],
            "iscrowd": 0,
            "area": 4452.003023431636,
            "image_id": 57,
            "bbox": [
                498.0,
                328.0,
                133.0,
                42.0
            ],
            "category_id": 9,
            "id": 74
        },
        {
            "segmentation": [
                [
                    405.968253968254,
                    498.58730158730157,
                    602.7936507936508,
                    523.984126984127,
                    590.0952380952381,
                    573.1904761904761,
                    399.6190476190476,
                    536.6825396825396
                ]
            ],
            "iscrowd": 0,
            "area": 8747.795414462104,
            "image_id": 57,
            "bbox": [
                399.0,
                498.0,
                203.0,
                75.0
            ],
            "category_id": 9,
            "id": 75
        },
        {
            "segmentation": [
                [
                    74.66666666666669,
                    352.76190476190476,
                    385.3809523809524,
                    380.14285714285717,
                    362.76190476190476,
                    456.33333333333337,
                    300.8571428571429,
                    442.04761904761904,
                    68.71428571428572,
                    415.8571428571429
                ]
            ],
            "iscrowd": 0,
            "area": 20695.861678004556,
            "image_id": 58,
            "bbox": [
                68.0,
                352.0,
                317.0,
                104.0
            ],
            "category_id": 9,
            "id": 76
        },
        {
            "segmentation": [
                [
                    234.1904761904762,
                    123.0,
                    411.5714285714286,
                    128.95238095238096,
                    398.4761904761905,
                    176.57142857142858,
                    224.66666666666669,
                    159.9047619047619
                ]
            ],
            "iscrowd": 0,
            "area": 7548.894557823121,
            "image_id": 58,
            "bbox": [
                224.0,
                123.0,
                187.0,
                53.0
            ],
            "category_id": 9,
            "id": 77
        },
        {
            "segmentation": [
                [
                    362.76190476190476,
                    231.33333333333334,
                    387.76190476190476,
                    242.04761904761907,
                    410.3809523809524,
                    256.33333333333337,
                    418.7142857142857,
                    292.04761904761904,
                    390.14285714285717,
                    325.3809523809524,
                    366.33333333333337,
                    326.57142857142856,
                    356.80952380952385,
                    313.4761904761905,
                    337.76190476190476,
                    311.09523809523813,
                    333.0,
                    295.61904761904765,
                    318.7142857142857,
                    275.3809523809524,
                    335.3809523809524,
                    262.2857142857143,
                    343.7142857142857,
                    244.42857142857144
                ]
            ],
            "iscrowd": 0,
            "area": 6139.455782313016,
            "image_id": 58,
            "bbox": [
                318.0,
                231.0,
                100.0,
                95.0
            ],
            "category_id": 10,
            "id": 78
        },
        {
            "segmentation": [
                [
                    541.3939393939394,
                    521.4242424242424,
                    662.2222222222222,
                    522.2222222222222,
                    656.5454545454545,
                    585.060606060606,
                    532.5925925925926,
                    585.1851851851851
                ]
            ],
            "iscrowd": 0,
            "area": 7749.719416386099,
            "image_id": 59,
            "bbox": [
                532.0,
                521.0,
                130.0,
                64.0
            ],
            "category_id": 12,
            "id": 79
        },
        {
            "segmentation": [
                [
                    254.6969696969697,
                    83.84848484848484,
                    141.06060606060606,
                    165.66666666666666,
                    75.9090909090909,
                    282.3333333333333,
                    59.24242424242422,
                    400.5151515151515,
                    85.0,
                    506.57575757575756,
                    157.7272727272727,
                    621.7272727272727,
                    315.30303030303025,
                    702.030303030303,
                    453.18181818181813,
                    699.0,
                    568.3333333333333,
                    650.5151515151515,
                    654.6969696969696,
                    561.1212121212121,
                    700.1515151515151,
                    430.8181818181818,
                    704.6969696969696,
                    339.9090909090909,
                    666.8181818181818,
                    224.75757575757575,
                    644.090909090909,
                    195.96969696969697,
                    647.1212121212121,
                    149.0,
                    609.2424242424242,
                    114.15151515151514,
                    571.3636363636364,
                    123.24242424242424,
                    468.33333333333326,
                    65.66666666666666,
                    344.09090909090907,
                    62.63636363636363
                ]
            ],
            "iscrowd": 0,
            "area": 324765.8402203857,
            "image_id": 60,
            "bbox": [
                59.0,
                62.0,
                645.0,
                640.0
            ],
            "category_id": 2,
            "id": 80
        },
        {
            "segmentation": [
                [
                    136.5151515151515,
                    309.60606060606057,
                    647.1212121212121,
                    305.06060606060606,
                    583.4848484848485,
                    491.4242424242424,
                    157.7272727272727,
                    494.45454545454544,
                    115.30303030303028,
                    382.3333333333333
                ]
            ],
            "iscrowd": 0,
            "area": 89548.89807162533,
            "image_id": 60,
            "bbox": [
                115.0,
                305.0,
                532.0,
                189.0
            ],
            "category_id": 3,
            "id": 81
        },
        {
            "segmentation": [
                [
                    47.730158730158735,
                    191.85714285714286,
                    160.42857142857142,
                    59.317460317460316,
                    227.8888888888889,
                    55.34920634920635,
                    267.57142857142856,
                    97.41269841269842,
                    320.74603174603175,
                    110.9047619047619,
                    356.46031746031747,
                    220.42857142857142,
                    342.968253968254,
                    264.87301587301585,
                    296.14285714285717,
                    297.41269841269843,
                    263.6031746031746,
                    345.031746031746,
                    211.22222222222223,
                    345.8253968253968,
                    163.6031746031746,
                    310.9047619047619,
                    107.25396825396825,
                    299.7936507936508,
                    81.06349206349205,
                    254.55555555555554,
                    53.28571428571429,
                    225.984126984127
                ]
            ],
            "iscrowd": 0,
            "area": 60414.14714033762,
            "image_id": 61,
            "bbox": [
                47.0,
                55.0,
                309.0,
                290.0
            ],
            "category_id": 10,
            "id": 82
        },
        {
            "segmentation": [
                [
                    303.2075471698113,
                    357.49056603773585,
                    349.4339622641509,
                    298.05660377358487,
                    420.18867924528297,
                    301.8301886792453,
                    461.6981132075472,
                    361.2641509433962,
                    451.3207547169811,
                    418.811320754717,
                    398.49056603773585,
                    453.71698113207543,
                    348.49056603773585,
                    450.88679245283015,
                    307.92452830188677,
                    412.2075471698113
                ]
            ],
            "iscrowd": 0,
            "area": 18895.51441794238,
            "image_id": 62,
            "bbox": [
                303.0,
                298.0,
                158.0,
                155.0
            ],
            "category_id": 6,
            "id": 83
        },
        {
            "segmentation": [
                [
                    10.0,
                    188.0,
                    159.0,
                    188.0,
                    159.0,
                    215.0,
                    8.0,
                    215.0
                ]
            ],
            "iscrowd": 0,
            "area": 4050.0,
            "image_id": 63,
            "bbox": [
                8.0,
                188.0,
                151.0,
                27.0
            ],
            "category_id": 15,
            "id": 84
        },
        {
            "segmentation": [
                [
                    2.0674846625766867,
                    0.13496932515336368,
                    401.0,
                    1.0,
                    399.0,
                    30.196319018404893,
                    356.0552147239264,
                    66.39263803680981,
                    316.7914110429448,
                    49.82822085889569,
                    107.58895705521472,
                    51.05521472392638,
                    89.1840490797546,
                    65.77914110429447,
                    2.680981595092024,
                    48.601226993865026
                ]
            ],
            "iscrowd": 0,
            "area": 20750.21077195228,
            "image_id": 64,
            "bbox": [
                2.0,
                0.0,
                399.0,
                66.0
            ],
            "category_id": 11,
            "id": 85
        },
        {
            "segmentation": [
                [
                    103.0,
                    133.0,
                    255.0,
                    120.0,
                    255.0,
                    162.0,
                    102.0,
                    176.0
                ]
            ],
            "iscrowd": 0,
            "area": 6474.5,
            "image_id": 65,
            "bbox": [
                102.0,
                120.0,
                153.0,
                56.0
            ],
            "category_id": 13,
            "id": 86
        },
        {
            "segmentation": [
                [
                    396.04761904761904,
                    87.47619047619048,
                    469.06349206349205,
                    65.25396825396825,
                    467.4761904761905,
                    143.03174603174602,
                    392.8730158730159,
                    165.25396825396825
                ]
            ],
            "iscrowd": 0,
            "area": 5687.830687830676,
            "image_id": 66,
            "bbox": [
                392.0,
                65.0,
                77.0,
                100.0
            ],
            "category_id": 8,
            "id": 87
        },
        {
            "segmentation": [
                [
                    335.0,
                    777.0,
                    415.0,
                    779.0,
                    417.0,
                    605.0,
                    591.0,
                    603.0,
                    595.0,
                    783.0,
                    679.0,
                    779.0,
                    687.0,
                    849.0,
                    339.0,
                    853.0
                ]
            ],
            "iscrowd": 0,
            "area": 55800.0,
            "image_id": 67,
            "bbox": [
                335.0,
                603.0,
                352.0,
                250.0
            ],
            "category_id": 14,
            "id": 88
        },
        {
            "segmentation": [
                [
                    432.59259259259255,
                    276.3333333333333,
                    765.9259259259259,
                    276.3333333333333,
                    765.9259259259259,
                    348.55555555555554,
                    434.4444444444444,
                    348.55555555555554
                ]
            ],
            "iscrowd": 0,
            "area": 24007.201646090543,
            "image_id": 68,
            "bbox": [
                432.0,
                276.0,
                333.0,
                72.0
            ],
            "category_id": 15,
            "id": 89
        },
        {
            "segmentation": [
                [
                    561.7878787878788,
                    429.30303030303025,
                    536.030303030303,
                    447.48484848484844,
                    522.3939393939394,
                    474.75757575757575,
                    537.5454545454545,
                    505.06060606060606,
                    575.4242424242424,
                    511.1212121212121,
                    598.1515151515151,
                    486.8787878787879,
                    602.6969696969696,
                    462.6363636363636,
                    593.6060606060606,
                    433.8484848484848
                ]
            ],
            "iscrowd": 0,
            "area": 4780.76216712594,
            "image_id": 69,
            "bbox": [
                522.0,
                429.0,
                80.0,
                82.0
            ],
            "category_id": 10,
            "id": 90
        },
        {
            "segmentation": [
                [
                    281.48484848484844,
                    374.75757575757575,
                    264.8181818181818,
                    389.9090909090909,
                    252.6969696969697,
                    412.6363636363636,
                    255.7272727272727,
                    433.8484848484848,
                    278.45454545454544,
                    450.5151515151515,
                    302.6969696969697,
                    453.5454545454545,
                    319.3636363636363,
                    435.3636363636363,
                    326.93939393939394,
                    411.1212121212121,
                    319.3636363636363,
                    382.3333333333333
                ]
            ],
            "iscrowd": 0,
            "area": 4323.92102846643,
            "image_id": 69,
            "bbox": [
                252.0,
                374.0,
                74.0,
                79.0
            ],
            "category_id": 10,
            "id": 91
        },
        {
            "segmentation": [
                [
                    396.6363636363636,
                    350.5151515151515,
                    487.5454545454545,
                    361.1212121212121,
                    605.7272727272727,
                    353.5454545454545,
                    602.6969696969696,
                    397.48484848484844,
                    579.9696969696969,
                    405.06060606060606,
                    526.9393939393939,
                    406.57575757575756,
                    395.1212121212121,
                    392.93939393939394
                ]
            ],
            "iscrowd": 0,
            "area": 9333.103764921892,
            "image_id": 69,
            "bbox": [
                395.0,
                350.0,
                210.0,
                56.0
            ],
            "category_id": 9,
            "id": 92
        },
        {
            "segmentation": [
                [
                    375.7123287671233,
                    59.53424657534248,
                    303.1095890410959,
                    108.84931506849315,
                    256.5342465753425,
                    175.97260273972603,
                    244.2054794520548,
                    254.05479452054794,
                    255.16438356164383,
                    330.76712328767127,
                    294.8904109589041,
                    388.3013698630137,
                    362.013698630137,
                    443.0958904109589,
                    455.16438356164383,
                    463.6438356164384,
                    531.8767123287671,
                    441.7260273972603,
                    592.1506849315068,
                    403.36986301369865,
                    644.2054794520548,
                    325.28767123287673,
                    659.2739726027397,
                    248.5753424657534,
                    645.5753424657535,
                    180.08219178082192,
                    615.4383561643835,
                    128.02739726027397,
                    622.2876712328767,
                    95.15068493150685,
                    599.0,
                    73.23287671232876,
                    564.7534246575343,
                    78.7123287671233,
                    503.1095890410959,
                    49.945205479452056,
                    430.5068493150685,
                    49.945205479452056
                ]
            ],
            "iscrowd": 0,
            "area": 133741.79020454106,
            "image_id": 70,
            "bbox": [
                244.0,
                49.0,
                415.0,
                414.0
            ],
            "category_id": 2,
            "id": 93
        },
        {
            "segmentation": [
                [
                    294.8904109589041,
                    197.8904109589041,
                    615.4383561643835,
                    197.8904109589041,
                    577.082191780822,
                    317.06849315068496,
                    301.73972602739724,
                    317.06849315068496,
                    281.1917808219178,
                    244.46575342465752
                ]
            ],
            "iscrowd": 0,
            "area": 36484.33101895286,
            "image_id": 70,
            "bbox": [
                281.0,
                197.0,
                334.0,
                120.0
            ],
            "category_id": 3,
            "id": 94
        },
        {
            "segmentation": [
                [
                    184.71428571428572,
                    55.45378151260505,
                    518.327731092437,
                    56.29411764705884,
                    502.36134453781517,
                    205.03361344537814,
                    183.03361344537817,
                    201.67226890756302
                ]
            ],
            "iscrowd": 0,
            "area": 48166.08996539793,
            "image_id": 71,
            "bbox": [
                183.0,
                55.0,
                335.0,
                150.0
            ],
            "category_id": 12,
            "id": 95
        },
        {
            "segmentation": [
                [
                    32.59259259259259,
                    204.1111111111111,
                    1186.2962962962963,
                    200.4074074074074,
                    1165.9259259259259,
                    441.14814814814815,
                    6.666666666666664,
                    418.92592592592587
                ]
            ],
            "iscrowd": 0,
            "area": 263635.11659807956,
            "image_id": 72,
            "bbox": [
                6.0,
                200.0,
                1180.0,
                241.0
            ],
            "category_id": 9,
            "id": 96
        },
        {
            "segmentation": [
                [
                    238.95238095238096,
                    289.6666666666667,
                    308.0,
                    220.61904761904762,
                    372.2857142857143,
                    299.1904761904762,
                    360.3809523809524,
                    309.9047619047619,
                    235.3809523809524,
                    312.2857142857143
                ]
            ],
            "iscrowd": 0,
            "area": 7112.386621315178,
            "image_id": 73,
            "bbox": [
                235.0,
                220.0,
                137.0,
                92.0
            ],
            "category_id": 0,
            "id": 97
        },
        {
            "segmentation": [
                [
                    1.2900763358778624,
                    105.27480916030532,
                    115.79389312977099,
                    105.27480916030532,
                    116.55725190839694,
                    128.93893129770993,
                    499.0,
                    127.0,
                    499.0,
                    182.0,
                    115.79389312977099,
                    181.61068702290075,
                    116.55725190839694,
                    206.80152671755724,
                    1.2900763358778624,
                    205.27480916030532
                ]
            ],
            "iscrowd": 0,
            "area": 32185.350504049857,
            "image_id": 74,
            "bbox": [
                1.0,
                105.0,
                498.0,
                101.0
            ],
            "category_id": 4,
            "id": 98
        },
        {
            "segmentation": [
                [
                    54.084507042253534,
                    109.08450704225352,
                    240.0,
                    109.08450704225352,
                    240.0,
                    162.6056338028169,
                    55.49295774647888,
                    164.01408450704227
                ]
            ],
            "iscrowd": 0,
            "area": 10043.642134497124,
            "image_id": 75,
            "bbox": [
                54.0,
                109.0,
                186.0,
                55.0
            ],
            "category_id": 13,
            "id": 99
        },
        {
            "segmentation": [
                [
                    24.342465753424648,
                    477.8219178082192,
                    440.7808219178082,
                    484.67123287671234,
                    405.16438356164383,
                    540.8356164383562,
                    359.95890410958907,
                    533.986301369863,
                    132.56164383561645,
                    532.6164383561644,
                    112.01369863013701,
                    546.3150684931506,
                    22.972602739726028,
                    531.2465753424658
                ]
            ],
            "iscrowd": 0,
            "area": 21785.51322949893,
            "image_id": 76,
            "bbox": [
                22.0,
                477.0,
                418.0,
                69.0
            ],
            "category_id": 11,
            "id": 100
        },
        {
            "segmentation": [
                [
                    671.469387755102,
                    116.3265306122449,
                    1281.6734693877552,
                    114.28571428571429,
                    1261.265306122449,
                    232.6530612244898,
                    644.9387755102041,
                    228.57142857142858
                ]
            ],
            "iscrowd": 0,
            "area": 70737.19283631817,
            "image_id": 77,
            "bbox": [
                644.0,
                114.0,
                637.0,
                118.0
            ],
            "category_id": 7,
            "id": 101
        },
        {
            "segmentation": [
                [
                    59.273972602739725,
                    74.54794520547944,
                    352.4246575342466,
                    73.17808219178085,
                    333.24657534246575,
                    134.8219178082192,
                    48.31506849315068,
                    132.08219178082192
                ]
            ],
            "iscrowd": 0,
            "area": 17234.002627134552,
            "image_id": 78,
            "bbox": [
                48.0,
                73.0,
                304.0,
                61.0
            ],
            "category_id": 9,
            "id": 102
        },
        {
            "segmentation": [
                [
                    273.14285714285717,
                    214.04761904761907,
                    442.19047619047626,
                    114.04761904761905,
                    646.952380952381,
                    97.38095238095238,
                    835.047619047619,
                    140.23809523809524,
                    894.5714285714287,
                    190.23809523809524,
                    973.1428571428571,
                    190.23809523809524,
                    1013.6190476190477,
                    235.47619047619048,
                    1013.6190476190477,
                    311.6666666666667,
                    1087.4285714285716,
                    483.09523809523813,
                    1101.7142857142858,
                    652.1428571428571,
                    1054.095238095238,
                    816.4285714285714,
                    942.1904761904761,
                    966.4285714285714,
                    823.1428571428572,
                    1047.3809523809525,
                    658.8571428571429,
                    1102.142857142857,
                    451.7142857142858,
                    1085.4761904761906,
                    294.5714285714286,
                    1004.5238095238095,
                    177.90476190476193,
                    873.5714285714286,
                    104.09523809523813,
                    714.047619047619,
                    96.95238095238096,
                    535.4761904761905,
                    170.76190476190476,
                    330.7142857142857
                ]
            ],
            "iscrowd": 0,
            "area": 792140.0226757373,
            "image_id": 79,
            "bbox": [
                96.0,
                97.0,
                1005.0,
                1005.0
            ],
            "category_id": 2,
            "id": 103
        },
        {
            "segmentation": [
                [
                    208.8571428571429,
                    485.4761904761905,
                    1011.2380952380952,
                    478.33333333333337,
                    906.4761904761906,
                    761.6666666666667,
                    246.95238095238096,
                    766.4285714285714,
                    180.28571428571428,
                    649.7619047619048
                ]
            ],
            "iscrowd": 0,
            "area": 213177.4376417233,
            "image_id": 79,
            "bbox": [
                180.0,
                478.0,
                831.0,
                288.0
            ],
            "category_id": 3,
            "id": 104
        }
    ]
}