{
    "images": [
        {
            "height": 400,
            "width": 400,
            "id": 0,
            "file_name": "pega1.png"
        },
        {
            "height": 557,
            "width": 559,
            "id": 1,
            "file_name": "sherwin3.jpg"
        },
        {
            "height": 557,
            "width": 1120,
            "id": 2,
            "file_name": "easy4.jpg"
        },
        {
            "height": 470,
            "width": 780,
            "id": 3,
            "file_name": "zapping3.png"
        },
        {
            "height": 500,
            "width": 800,
            "id": 4,
            "file_name": "norseg2.png"
        },
        {
            "height": 118,
            "width": 427,
            "id": 5,
            "file_name": "tesa3.png"
        },
        {
            "height": 225,
            "width": 225,
            "id": 6,
            "file_name": "einhell3.png"
        },
        {
            "height": 326,
            "width": 625,
            "id": 7,
            "file_name": "tri2.jpg"
        },
        {
            "height": 627,
            "width": 1200,
            "id": 8,
            "file_name": "adidas3.jpg"
        },
        {
            "height": 600,
            "width": 600,
            "id": 9,
            "file_name": "adidas2.jpg"
        },
        {
            "height": 400,
            "width": 400,
            "id": 10,
            "file_name": "tri3.jpg"
        },
        {
            "height": 900,
            "width": 900,
            "id": 11,
            "file_name": "einhell2.jpg"
        },
        {
            "height": 600,
            "width": 600,
            "id": 12,
            "file_name": "norseg3.png"
        },
        {
            "height": 582,
            "width": 503,
            "id": 13,
            "file_name": "tesa2.jpg"
        },
        {
            "height": 160,
            "width": 410,
            "id": 14,
            "file_name": "casa4.png"
        },
        {
            "height": 493,
            "width": 2126,
            "id": 15,
            "file_name": "zapping2.png"
        },
        {
            "height": 225,
            "width": 225,
            "id": 16,
            "file_name": "easy5.jpeg"
        },
        {
            "height": 367,
            "width": 652,
            "id": 17,
            "file_name": "sherwin2.jpg"
        },
        {
            "height": 280,
            "width": 280,
            "id": 18,
            "file_name": "casa3.jpg"
        },
        {
            "height": 1500,
            "width": 1500,
            "id": 19,
            "file_name": "norseg4.jpg"
        },
        {
            "height": 728,
            "width": 1024,
            "id": 20,
            "file_name": "einhell5.jpg"
        },
        {
            "height": 555,
            "width": 750,
            "id": 21,
            "file_name": "tri4.jpeg"
        },
        {
            "height": 800,
            "width": 800,
            "id": 22,
            "file_name": "adidas5.jpg"
        },
        {
            "height": 394,
            "width": 700,
            "id": 23,
            "file_name": "hela3.png"
        },
        {
            "height": 459,
            "width": 591,
            "id": 24,
            "file_name": "easy2.jpg"
        },
        {
            "height": 315,
            "width": 560,
            "id": 25,
            "file_name": "zapping4.png"
        },
        {
            "height": 400,
            "width": 600,
            "id": 26,
            "file_name": "ptk1.jpg"
        },
        {
            "height": 713,
            "width": 619,
            "id": 27,
            "file_name": "easy3.jpg"
        },
        {
            "height": 400,
            "width": 400,
            "id": 28,
            "file_name": "sherwin4.jpeg"
        },
        {
            "height": 800,
            "width": 800,
            "id": 29,
            "file_name": "hela2.png"
        },
        {
            "height": 600,
            "width": 1024,
            "id": 30,
            "file_name": "adidas4.jpeg"
        },
        {
            "height": 555,
            "width": 750,
            "id": 31,
            "file_name": "tri5.jpeg"
        },
        {
            "height": 420,
            "width": 780,
            "id": 32,
            "file_name": "einhell4.jpg"
        },
        {
            "height": 225,
            "width": 225,
            "id": 33,
            "file_name": "download (1).png"
        },
        {
            "height": 119,
            "width": 422,
            "id": 34,
            "file_name": "tesa4.png"
        },
        {
            "height": 190,
            "width": 265,
            "id": 35,
            "file_name": "shorby1.jpeg"
        },
        {
            "height": 840,
            "width": 840,
            "id": 36,
            "file_name": "casa2.jpg"
        },
        {
            "height": 700,
            "width": 933,
            "id": 37,
            "file_name": "norseg6.jpg"
        },
        {
            "height": 370,
            "width": 425,
            "id": 38,
            "file_name": "shorby2.jpg"
        },
        {
            "height": 225,
            "width": 225,
            "id": 39,
            "file_name": "casa1.png"
        },
        {
            "height": 650,
            "width": 500,
            "id": 40,
            "file_name": "ptk2.jpg"
        },
        {
            "height": 202,
            "width": 831,
            "id": 41,
            "file_name": "hela1.png"
        },
        {
            "height": 800,
            "width": 749,
            "id": 42,
            "file_name": "pega5.jpg"
        },
        {
            "height": 225,
            "width": 225,
            "id": 43,
            "file_name": "pega4.jpeg"
        },
        {
            "height": 768,
            "width": 768,
            "id": 44,
            "file_name": "easy1.png"
        },
        {
            "height": 400,
            "width": 400,
            "id": 45,
            "file_name": "ptk3.jpg"
        },
        {
            "height": 477,
            "width": 500,
            "id": 46,
            "file_name": "hela-b1.jpg"
        },
        {
            "height": 179,
            "width": 282,
            "id": 47,
            "file_name": "shorby3.jpeg"
        },
        {
            "height": 628,
            "width": 1200,
            "id": 48,
            "file_name": "zapping1.jpg"
        },
        {
            "height": 268,
            "width": 550,
            "id": 49,
            "file_name": "sherwin1.png"
        },
        {
            "height": 628,
            "width": 1200,
            "id": 50,
            "file_name": "pega3.jpg"
        },
        {
            "height": 600,
            "width": 600,
            "id": 51,
            "file_name": "adidas1.jpg"
        },
        {
            "height": 309,
            "width": 500,
            "id": 52,
            "file_name": "einhell1.jpg"
        },
        {
            "height": 705,
            "width": 608,
            "id": 53,
            "file_name": "tesa1.jpg"
        },
        {
            "height": 225,
            "width": 225,
            "id": 54,
            "file_name": "shorby4.png"
        },
        {
            "height": 159,
            "width": 318,
            "id": 55,
            "file_name": "norseg1.png"
        },
        {
            "height": 138,
            "width": 364,
            "id": 56,
            "file_name": "pega2.png"
        }
    ],
    "categories": [
        {
            "supercategory": "adidas",
            "id": 0,
            "name": "adidas"
        },
        {
            "supercategory": "casa",
            "id": 1,
            "name": "casa"
        },
        {
            "supercategory": "easy",
            "id": 2,
            "name": "easy"
        },
        {
            "supercategory": "ein",
            "id": 3,
            "name": "ein"
        },
        {
            "supercategory": "hela",
            "id": 4,
            "name": "hela"
        },
        {
            "supercategory": "helab",
            "id": 5,
            "name": "helab"
        },
        {
            "supercategory": "norseg",
            "id": 6,
            "name": "norseg"
        },
        {
            "supercategory": "pega",
            "id": 7,
            "name": "pega"
        },
        {
            "supercategory": "ptk",
            "id": 8,
            "name": "ptk"
        },
        {
            "supercategory": "sh",
            "id": 9,
            "name": "sh"
        },
        {
            "supercategory": "sw",
            "id": 10,
            "name": "sw"
        },
        {
            "supercategory": "tesa",
            "id": 11,
            "name": "tesa"
        },
        {
            "supercategory": "tri",
            "id": 12,
            "name": "tri"
        },
        {
            "supercategory": "zap",
            "id": 13,
            "name": "zap"
        }
    ],
    "annotations": [
        {
            "segmentation": [
                [
                    43.76190476190476,
                    164.87301587301587,
                    364.3968253968254,
                    164.0793650793651,
                    347.73015873015873,
                    234.71428571428572,
                    35.82539682539682,
                    232.33333333333334
                ]
            ],
            "iscrowd": 0,
            "area": 21847.442680776003,
            "image_id": 0,
            "bbox": [
                35.0,
                164.0,
                329.0,
                70.0
            ],
            "category_id": 7,
            "id": 1
        },
        {
            "segmentation": [
                [
                    246.57142857142856,
                    138.56043956043956,
                    328.989010989011,
                    139.65934065934064,
                    326.79120879120876,
                    180.3186813186813,
                    246.57142857142856,
                    180.3186813186813
                ]
            ],
            "iscrowd": 0,
            "area": 3351.6483516483568,
            "image_id": 1,
            "bbox": [
                246.0,
                138.0,
                82.0,
                42.0
            ],
            "category_id": 10,
            "id": 2
        },
        {
            "segmentation": [
                [
                    764.4137931034484,
                    164.1379310344828,
                    812.6896551724138,
                    90.00000000000003,
                    895.4482758620691,
                    84.82758620689657,
                    943.7241379310345,
                    103.79310344827587,
                    969.5862068965517,
                    207.24137931034483,
                    931.6551724137931,
                    305.51724137931035,
                    874.7586206896552,
                    329.65517241379314,
                    805.7931034482759,
                    312.4137931034483,
                    762.6896551724138,
                    255.51724137931035
                ]
            ],
            "iscrowd": 0,
            "area": 39869.203329369775,
            "image_id": 2,
            "bbox": [
                762.0,
                84.0,
                207.0,
                245.0
            ],
            "category_id": 2,
            "id": 3
        },
        {
            "segmentation": [
                [
                    313.4761904761905,
                    413.95238095238096,
                    394.42857142857144,
                    416.33333333333337,
                    393.23809523809524,
                    435.3809523809524,
                    312.2857142857143,
                    431.80952380952385
                ]
            ],
            "iscrowd": 0,
            "area": 1497.3072562357993,
            "image_id": 3,
            "bbox": [
                312.0,
                413.0,
                82.0,
                22.0
            ],
            "category_id": 13,
            "id": 4
        },
        {
            "segmentation": [
                [
                    586.0952380952381,
                    150.85714285714286,
                    651.5714285714286,
                    144.90476190476193,
                    651.5714285714286,
                    165.14285714285714,
                    584.9047619047619,
                    168.71428571428572
                ]
            ],
            "iscrowd": 0,
            "area": 1255.6689342403552,
            "image_id": 3,
            "bbox": [
                584.0,
                144.0,
                67.0,
                24.0
            ],
            "category_id": 13,
            "id": 5
        },
        {
            "segmentation": [
                [
                    78.26829268292683,
                    97.3170731707317,
                    735.5853658536585,
                    97.3170731707317,
                    708.7560975609756,
                    224.14634146341461,
                    64.85365853658536,
                    221.7073170731707
                ]
            ],
            "iscrowd": 0,
            "area": 81747.4717430101,
            "image_id": 4,
            "bbox": [
                64.0,
                97.0,
                671.0,
                127.0
            ],
            "category_id": 6,
            "id": 6
        },
        {
            "segmentation": [
                [
                    1.6143790849673203,
                    0.1895424836601336,
                    423.83660130718954,
                    1.496732026143789,
                    425.0,
                    117.0,
                    2.0,
                    117.0
                ]
            ],
            "iscrowd": 0,
            "area": 49088.674612328585,
            "image_id": 5,
            "bbox": [
                1.0,
                0.0,
                424.0,
                117.0
            ],
            "category_id": 11,
            "id": 7
        },
        {
            "segmentation": [
                [
                    74.11111111111111,
                    98.22222222222223,
                    200.77777777777777,
                    96.88888888888889,
                    201.66666666666666,
                    126.66666666666667,
                    75.44444444444444,
                    127.11111111111111
                ]
            ],
            "iscrowd": 0,
            "area": 3710.0246913580268,
            "image_id": 6,
            "bbox": [
                74.0,
                96.0,
                127.0,
                31.0
            ],
            "category_id": 3,
            "id": 8
        },
        {
            "segmentation": [
                [
                    383.76190476190476,
                    277.19047619047615,
                    381.85714285714283,
                    236.23809523809524,
                    454.23809523809524,
                    121.0,
                    508.5238095238095,
                    119.09523809523807,
                    552.3333333333333,
                    176.23809523809524,
                    591.3809523809524,
                    248.6190476190476,
                    590.4285714285714,
                    281.0,
                    390.4285714285714,
                    279.0952380952381
                ]
            ],
            "iscrowd": 0,
            "area": 24395.46485260781,
            "image_id": 7,
            "bbox": [
                381.0,
                119.0,
                210.0,
                162.0
            ],
            "category_id": 12,
            "id": 9
        },
        {
            "segmentation": [
                [
                    371.48148148148147,
                    313.3703703703703,
                    649.2592592592592,
                    94.85185185185185,
                    878.8888888888888,
                    413.3703703703703,
                    878.8888888888888,
                    476.33333333333326,
                    328.88888888888886,
                    474.4814814814814,
                    321.48148148148147,
                    383.74074074074076
                ]
            ],
            "iscrowd": 0,
            "area": 132175.92592592584,
            "image_id": 8,
            "bbox": [
                321.0,
                94.0,
                557.0,
                382.0
            ],
            "category_id": 0,
            "id": 10
        },
        {
            "segmentation": [
                [
                    233.0,
                    307.5238095238095,
                    298.4761904761905,
                    252.76190476190476,
                    349.6666666666667,
                    312.2857142857143,
                    248.47619047619048,
                    319.42857142857144
                ]
            ],
            "iscrowd": 0,
            "area": 4007.936507936509,
            "image_id": 9,
            "bbox": [
                233.0,
                252.0,
                116.0,
                67.0
            ],
            "category_id": 0,
            "id": 11
        },
        {
            "segmentation": [
                [
                    11.222222222222229,
                    316.46031746031747,
                    8.841269841269835,
                    259.3174603174603,
                    161.22222222222223,
                    79.15873015873015,
                    233.44444444444446,
                    79.15873015873015,
                    366.77777777777777,
                    247.4126984126984,
                    370.74603174603175,
                    318.04761904761904
                ]
            ],
            "iscrowd": 0,
            "area": 60346.74981103554,
            "image_id": 10,
            "bbox": [
                8.0,
                79.0,
                362.0,
                239.0
            ],
            "category_id": 12,
            "id": 12
        },
        {
            "segmentation": [
                [
                    220.9285714285714,
                    642.4285714285713,
                    686.9999999999999,
                    642.4285714285713,
                    685.2142857142857,
                    724.5714285714286,
                    213.78571428571428,
                    726.3571428571428
                ]
            ],
            "iscrowd": 0,
            "area": 38919.00510204083,
            "image_id": 11,
            "bbox": [
                213.0,
                642.0,
                473.0,
                84.0
            ],
            "category_id": 3,
            "id": 13
        },
        {
            "segmentation": [
                [
                    85.38095238095238,
                    193.23809523809524,
                    536.5714285714286,
                    192.04761904761907,
                    517.5238095238095,
                    276.57142857142856,
                    75.85714285714286,
                    277.76190476190476
                ]
            ],
            "iscrowd": 0,
            "area": 37716.836734693876,
            "image_id": 12,
            "bbox": [
                75.0,
                192.0,
                461.0,
                85.0
            ],
            "category_id": 6,
            "id": 14
        },
        {
            "segmentation": [
                [
                    31.620689655172413,
                    93.25287356321839,
                    246.5632183908046,
                    93.25287356321839,
                    247.71264367816093,
                    154.17241379310346,
                    30.471264367816104,
                    153.02298850574712
                ]
            ],
            "iscrowd": 0,
            "area": 13040.03170828379,
            "image_id": 13,
            "bbox": [
                30.0,
                93.0,
                217.0,
                61.0
            ],
            "category_id": 11,
            "id": 15
        },
        {
            "segmentation": [
                [
                    11.25,
                    2.25,
                    402.5,
                    1.625,
                    401.875,
                    110.375,
                    7.5,
                    108.5
                ]
            ],
            "iscrowd": 0,
            "area": 42228.7109375,
            "image_id": 14,
            "bbox": [
                7.0,
                1.0,
                395.0,
                109.0
            ],
            "category_id": 1,
            "id": 16
        },
        {
            "segmentation": [
                [
                    171.66666666666669,
                    85.66666666666674,
                    1931.6666666666667,
                    69.0,
                    1945.0,
                    435.66666666666674,
                    158.33333333333334,
                    405.66666666666674
                ]
            ],
            "iscrowd": 0,
            "area": 608844.4444444445,
            "image_id": 15,
            "bbox": [
                158.0,
                69.0,
                1787.0,
                366.0
            ],
            "category_id": 13,
            "id": 17
        },
        {
            "segmentation": [
                [
                    62.111111111111114,
                    67.11111111111111,
                    72.33333333333333,
                    34.666666666666664,
                    102.55555555555554,
                    23.555555555555557,
                    129.66666666666666,
                    34.22222222222222,
                    150.55555555555554,
                    52.0,
                    158.11111111111111,
                    92.0,
                    139.44444444444446,
                    119.55555555555556,
                    103.44444444444446,
                    124.0,
                    75.88888888888889,
                    103.55555555555556,
                    63.0,
                    80.0
                ]
            ],
            "iscrowd": 0,
            "area": 7114.27160493828,
            "image_id": 16,
            "bbox": [
                62.0,
                23.0,
                96.0,
                101.0
            ],
            "category_id": 2,
            "id": 18
        },
        {
            "segmentation": [
                [
                    219.0,
                    94.0,
                    604.0,
                    94.0,
                    581.0,
                    262.0,
                    219.0,
                    258.0
                ]
            ],
            "iscrowd": 0,
            "area": 62024.0,
            "image_id": 17,
            "bbox": [
                219.0,
                94.0,
                385.0,
                168.0
            ],
            "category_id": 10,
            "id": 19
        },
        {
            "segmentation": [
                [
                    11.591160220994475,
                    91.16022099447514,
                    271.8121546961326,
                    90.60773480662984,
                    270.15469613259665,
                    163.53591160220995,
                    8.828729281767956,
                    160.77348066298342
                ]
            ],
            "iscrowd": 0,
            "area": 18587.95519062299,
            "image_id": 18,
            "bbox": [
                8.0,
                90.0,
                263.0,
                73.0
            ],
            "category_id": 1,
            "id": 20
        },
        {
            "segmentation": [
                [
                    733.8181818181818,
                    224.45454545454544,
                    897.4545454545455,
                    191.12121212121212,
                    952.0,
                    203.24242424242422,
                    952.0,
                    263.8484848484848,
                    855.030303030303,
                    266.8787878787879,
                    721.6969696969696,
                    294.1515151515151
                ]
            ],
            "iscrowd": 0,
            "area": 15234.159779614187,
            "image_id": 19,
            "bbox": [
                721.0,
                191.0,
                231.0,
                103.0
            ],
            "category_id": 6,
            "id": 21
        },
        {
            "segmentation": [
                [
                    329.25,
                    248.25,
                    332.375,
                    401.375,
                    363.625,
                    396.6875,
                    366.75,
                    237.3125
                ]
            ],
            "iscrowd": 0,
            "area": 5371.09375,
            "image_id": 20,
            "bbox": [
                329.0,
                237.0,
                37.0,
                164.0
            ],
            "category_id": 3,
            "id": 22
        },
        {
            "segmentation": [
                [
                    370.5632183908046,
                    80.40229885057471,
                    317.6896551724138,
                    132.1264367816092,
                    317.6896551724138,
                    151.66666666666666,
                    426.88505747126436,
                    155.11494252873564,
                    386.6551724137931,
                    81.55172413793103
                ]
            ],
            "iscrowd": 0,
            "area": 5067.38010305191,
            "image_id": 21,
            "bbox": [
                317.0,
                80.0,
                109.0,
                75.0
            ],
            "category_id": 12,
            "id": 23
        },
        {
            "segmentation": [
                [
                    238.90476190476193,
                    406.5238095238095,
                    243.66666666666669,
                    379.53968253968253,
                    361.1269841269841,
                    277.95238095238096,
                    411.92063492063494,
                    387.4761904761905,
                    437.31746031746036,
                    397.0,
                    432.55555555555554,
                    436.6825396825397,
                    235.73015873015873,
                    423.984126984127
                ]
            ],
            "iscrowd": 0,
            "area": 18019.652305366588,
            "image_id": 22,
            "bbox": [
                235.0,
                277.0,
                202.0,
                159.0
            ],
            "category_id": 0,
            "id": 24
        },
        {
            "segmentation": [
                [
                    145.46236559139786,
                    165.93548387096772,
                    440.0860215053763,
                    167.01075268817203,
                    431.4838709677419,
                    236.9032258064516,
                    144.38709677419354,
                    235.8279569892473
                ]
            ],
            "iscrowd": 0,
            "area": 20334.142675453797,
            "image_id": 23,
            "bbox": [
                144.0,
                165.0,
                296.0,
                71.0
            ],
            "category_id": 4,
            "id": 25
        },
        {
            "segmentation": [
                [
                    131.45454545454544,
                    70.81818181818181,
                    173.27272727272725,
                    36.272727272727266,
                    247.81818181818178,
                    53.54545454545454,
                    287.8181818181818,
                    113.54545454545453,
                    282.3636363636363,
                    178.09090909090907,
                    234.18181818181816,
                    203.54545454545453,
                    174.18181818181816,
                    184.45454545454544,
                    128.72727272727272,
                    124.45454545454544
                ]
            ],
            "iscrowd": 0,
            "area": 19454.958677685936,
            "image_id": 24,
            "bbox": [
                128.0,
                36.0,
                159.0,
                167.0
            ],
            "category_id": 2,
            "id": 26
        },
        {
            "segmentation": [
                [
                    316.0940170940171,
                    230.5982905982906,
                    388.7435897435898,
                    236.5811965811966,
                    388.7435897435898,
                    253.67521367521368,
                    316.0940170940171,
                    245.12820512820514
                ]
            ],
            "iscrowd": 0,
            "area": 1148.732558988966,
            "image_id": 25,
            "bbox": [
                316.0,
                230.0,
                72.0,
                23.0
            ],
            "category_id": 13,
            "id": 27
        },
        {
            "segmentation": [
                [
                    365.8899082568807,
                    159.6605504587156,
                    395.2477064220183,
                    131.2201834862385,
                    432.8623853211009,
                    154.15596330275227,
                    437.44954128440367,
                    181.6788990825688,
                    410.8440366972477,
                    207.3669724770642,
                    396.1651376146789,
                    207.3669724770642,
                    361.30275229357795,
                    169.75229357798165
                ]
            ],
            "iscrowd": 0,
            "area": 3630.165810958628,
            "image_id": 26,
            "bbox": [
                361.0,
                131.0,
                76.0,
                76.0
            ],
            "category_id": 8,
            "id": 28
        },
        {
            "segmentation": [
                [
                    41.774647887323965,
                    193.3661971830986,
                    153.04225352112678,
                    49.70422535211268,
                    347.4084507042254,
                    11.67605633802817,
                    540.3661971830986,
                    80.69014084507043,
                    605.1549295774648,
                    307.4507042253521,
                    513.6056338028169,
                    524.3521126760563,
                    364.30985915492965,
                    584.9154929577466,
                    191.07042253521126,
                    575.0563380281691,
                    53.04225352112678,
                    427.16901408450707,
                    17.83098591549296,
                    311.67605633802816
                ]
            ],
            "iscrowd": 0,
            "area": 256512.59670700273,
            "image_id": 27,
            "bbox": [
                17.0,
                11.0,
                588.0,
                573.0
            ],
            "category_id": 2,
            "id": 29
        },
        {
            "segmentation": [
                [
                    176.3015873015873,
                    84.71428571428571,
                    246.93650793650795,
                    85.5079365079365,
                    245.34920634920633,
                    120.42857142857143,
                    174.71428571428572,
                    120.42857142857143
                ]
            ],
            "iscrowd": 0,
            "area": 2495.275888133023,
            "image_id": 28,
            "bbox": [
                174.0,
                84.0,
                72.0,
                36.0
            ],
            "category_id": 10,
            "id": 30
        },
        {
            "segmentation": [
                [
                    386.5238095238095,
                    265.25396825396825,
                    503.984126984127,
                    252.55555555555554,
                    513.5079365079365,
                    277.95238095238096,
                    391.28571428571433,
                    290.6507936507937
                ]
            ],
            "iscrowd": 0,
            "area": 3134.2907533383695,
            "image_id": 29,
            "bbox": [
                386.0,
                252.0,
                127.0,
                38.0
            ],
            "category_id": 4,
            "id": 31
        },
        {
            "segmentation": [
                [
                    349.5625,
                    298.3125,
                    554.25,
                    132.6875,
                    676.125,
                    329.5625,
                    724.5625,
                    346.75,
                    726.125,
                    418.625,
                    305.8125,
                    415.5,
                    305.8125,
                    353.0
                ]
            ],
            "iscrowd": 0,
            "area": 71793.212890625,
            "image_id": 30,
            "bbox": [
                305.0,
                132.0,
                421.0,
                286.0
            ],
            "category_id": 0,
            "id": 32
        },
        {
            "segmentation": [
                [
                    371.71264367816093,
                    371.2068965517241,
                    317.6896551724138,
                    420.632183908046,
                    317.6896551724138,
                    459.71264367816093,
                    430.3333333333333,
                    460.86206896551727,
                    398.14942528735634,
                    376.95402298850576
                ]
            ],
            "iscrowd": 0,
            "area": 7088.122605363955,
            "image_id": 31,
            "bbox": [
                317.0,
                371.0,
                113.0,
                89.0
            ],
            "category_id": 12,
            "id": 33
        },
        {
            "segmentation": [
                [
                    218.23809523809524,
                    218.71428571428572,
                    375.3809523809524,
                    217.52380952380952,
                    374.1904761904762,
                    253.23809523809524,
                    215.85714285714286,
                    252.04761904761904
                ]
            ],
            "iscrowd": 0,
            "area": 5445.71995464855,
            "image_id": 32,
            "bbox": [
                215.0,
                217.0,
                160.0,
                36.0
            ],
            "category_id": 3,
            "id": 34
        },
        {
            "segmentation": [
                [
                    640.8571428571429,
                    53.23809523809524,
                    712.2857142857143,
                    59.190476190476204,
                    714.6666666666667,
                    80.61904761904762,
                    642.047619047619,
                    73.47619047619048
                ]
            ],
            "iscrowd": 0,
            "area": 1488.8038548752957,
            "image_id": 32,
            "bbox": [
                640.0,
                53.0,
                74.0,
                27.0
            ],
            "category_id": 3,
            "id": 35
        },
        {
            "segmentation": [
                [
                    28.333333333333336,
                    71.55555555555556,
                    201.66666666666666,
                    71.11111111111111,
                    194.55555555555554,
                    103.55555555555556,
                    27.0,
                    105.33333333333333
                ]
            ],
            "iscrowd": 0,
            "area": 5638.913580246914,
            "image_id": 33,
            "bbox": [
                27.0,
                71.0,
                174.0,
                34.0
            ],
            "category_id": 6,
            "id": 36
        },
        {
            "segmentation": [
                [
                    3.516129032258064,
                    1.806451612903217,
                    417.7096774193548,
                    2.451612903225808,
                    417.06451612903226,
                    116.64516129032256,
                    4.806451612903226,
                    116.64516129032256
                ]
            ],
            "iscrowd": 0,
            "area": 47320.91571279916,
            "image_id": 34,
            "bbox": [
                3.0,
                1.0,
                414.0,
                115.0
            ],
            "category_id": 11,
            "id": 37
        },
        {
            "segmentation": [
                [
                    52.63157894736842,
                    2.9311740890688256,
                    201.61943319838056,
                    1.7165991902834001,
                    190.68825910931173,
                    26.0080971659919,
                    53.4412955465587,
                    24.388663967611336
                ]
            ],
            "iscrowd": 0,
            "area": 3274.7627399236176,
            "image_id": 35,
            "bbox": [
                52.0,
                1.0,
                149.0,
                25.0
            ],
            "category_id": 9,
            "id": 38
        },
        {
            "segmentation": [
                [
                    211.0,
                    364.33333333333337,
                    524.3333333333334,
                    364.33333333333337,
                    521.0,
                    309.33333333333337,
                    691.0,
                    362.6666666666667,
                    691.0,
                    447.6666666666667,
                    199.33333333333337,
                    447.6666666666667,
                    192.66666666666669,
                    366.0
                ]
            ],
            "iscrowd": 0,
            "area": 45965.27777777775,
            "image_id": 36,
            "bbox": [
                192.0,
                309.0,
                499.0,
                138.0
            ],
            "category_id": 1,
            "id": 39
        },
        {
            "segmentation": [
                [
                    395.99999999999994,
                    478.4285714285714,
                    411.71428571428567,
                    545.5714285714286,
                    424.57142857142856,
                    538.4285714285713,
                    413.1428571428571,
                    469.85714285714283
                ]
            ],
            "iscrowd": 0,
            "area": 1124.4897959183436,
            "image_id": 37,
            "bbox": [
                395.0,
                469.0,
                29.0,
                76.0
            ],
            "category_id": 6,
            "id": 40
        },
        {
            "segmentation": [
                [
                    273.45985401459853,
                    22.62773722627737,
                    414.33576642335765,
                    64.23357664233576,
                    394.62773722627736,
                    83.21167883211679,
                    266.1605839416058,
                    41.605839416058394
                ]
            ],
            "iscrowd": 0,
            "area": 3117.6407906654567,
            "image_id": 38,
            "bbox": [
                266.0,
                22.0,
                148.0,
                61.0
            ],
            "category_id": 9,
            "id": 41
        },
        {
            "segmentation": [
                [
                    10.555555555555557,
                    69.77777777777777,
                    220.33333333333334,
                    69.77777777777777,
                    219.44444444444446,
                    127.11111111111111,
                    6.111111111111114,
                    124.88888888888889
                ]
            ],
            "iscrowd": 0,
            "area": 11897.086419753086,
            "image_id": 39,
            "bbox": [
                6.0,
                69.0,
                214.0,
                58.0
            ],
            "category_id": 1,
            "id": 42
        },
        {
            "segmentation": [
                [
                    286.97435897435895,
                    316.94871794871796,
                    316.46153846153845,
                    283.6153846153846,
                    339.53846153846155,
                    286.1794871794872,
                    361.33333333333337,
                    310.53846153846155,
                    366.46153846153845,
                    341.3076923076923,
                    343.38461538461536,
                    368.2307692307692,
                    321.5897435897436,
                    364.38461538461536,
                    293.38461538461536,
                    341.3076923076923
                ]
            ],
            "iscrowd": 0,
            "area": 4629.355687047937,
            "image_id": 40,
            "bbox": [
                286.0,
                283.0,
                80.0,
                85.0
            ],
            "category_id": 8,
            "id": 43
        },
        {
            "segmentation": [
                [
                    19.253164556962023,
                    0.5189873417721458,
                    805.3291139240506,
                    1.784810126582272,
                    776.0,
                    201.0,
                    7.860759493670885,
                    200.51898734177212
                ]
            ],
            "iscrowd": 0,
            "area": 155134.36148053195,
            "image_id": 41,
            "bbox": [
                7.0,
                0.0,
                798.0,
                201.0
            ],
            "category_id": 4,
            "id": 44
        },
        {
            "segmentation": [
                [
                    82.15873015873015,
                    181.12698412698413,
                    455.17460317460313,
                    177.95238095238096,
                    432.95238095238096,
                    255.73015873015873,
                    66.28571428571428,
                    249.38095238095238
                ]
            ],
            "iscrowd": 0,
            "area": 27034.517510707985,
            "image_id": 42,
            "bbox": [
                66.0,
                177.0,
                389.0,
                78.0
            ],
            "category_id": 7,
            "id": 45
        },
        {
            "segmentation": [
                [
                    505.968253968254,
                    328.74603174603175,
                    631.3650793650794,
                    333.5079365079365,
                    625.015873015873,
                    370.015873015873,
                    498.031746031746,
                    362.07936507936506
                ]
            ],
            "iscrowd": 0,
            "area": 4452.003023431636,
            "image_id": 42,
            "bbox": [
                498.0,
                328.0,
                133.0,
                42.0
            ],
            "category_id": 7,
            "id": 46
        },
        {
            "segmentation": [
                [
                    405.968253968254,
                    498.58730158730157,
                    602.7936507936508,
                    523.984126984127,
                    590.0952380952381,
                    573.1904761904761,
                    399.6190476190476,
                    536.6825396825396
                ]
            ],
            "iscrowd": 0,
            "area": 8747.795414462104,
            "image_id": 42,
            "bbox": [
                399.0,
                498.0,
                203.0,
                75.0
            ],
            "category_id": 7,
            "id": 47
        },
        {
            "segmentation": [
                [
                    27.888888888888886,
                    133.33333333333334,
                    144.77777777777777,
                    143.11111111111111,
                    138.55555555555554,
                    169.33333333333334,
                    24.77777777777778,
                    155.11111111111111
                ]
            ],
            "iscrowd": 0,
            "area": 2824.0,
            "image_id": 43,
            "bbox": [
                24.0,
                133.0,
                120.0,
                36.0
            ],
            "category_id": 7,
            "id": 48
        },
        {
            "segmentation": [
                [
                    56.21212121212122,
                    70.2121212121212,
                    700.1515151515151,
                    64.15151515151514,
                    709.2424242424242,
                    697.4848484848485,
                    69.84848484848484,
                    700.5151515151515
                ]
            ],
            "iscrowd": 0,
            "area": 405468.3195592286,
            "image_id": 44,
            "bbox": [
                56.0,
                64.0,
                653.0,
                636.0
            ],
            "category_id": 2,
            "id": 49
        },
        {
            "segmentation": [
                [
                    59.24242424242422,
                    403.5454545454545,
                    75.9090909090909,
                    274.75757575757575,
                    156.2121212121212,
                    147.48484848484847,
                    325.9090909090909,
                    56.57575757575757,
                    460.75757575757575,
                    64.15151515151514,
                    583.4848484848485,
                    117.18181818181817,
                    641.060606060606,
                    129.30303030303028,
                    656.2121212121211,
                    208.0909090909091,
                    710.7575757575758,
                    350.5151515151515,
                    685.0,
                    515.6666666666666,
                    610.7575757575758,
                    620.2121212121211,
                    480.4545454545454,
                    697.4848484848485,
                    319.8484848484848,
                    705.060606060606,
                    154.6969696969697,
                    620.2121212121211,
                    80.45454545454544,
                    508.09090909090907
                ]
            ],
            "iscrowd": 0,
            "area": 328713.2690541779,
            "image_id": 44,
            "bbox": [
                59.0,
                56.0,
                651.0,
                649.0
            ],
            "category_id": 2,
            "id": 50
        },
        {
            "segmentation": [
                [
                    47.730158730158735,
                    191.85714285714286,
                    160.42857142857142,
                    59.317460317460316,
                    227.8888888888889,
                    55.34920634920635,
                    267.57142857142856,
                    97.41269841269842,
                    320.74603174603175,
                    110.9047619047619,
                    356.46031746031747,
                    220.42857142857142,
                    342.968253968254,
                    264.87301587301585,
                    296.14285714285717,
                    297.41269841269843,
                    263.6031746031746,
                    345.031746031746,
                    211.22222222222223,
                    345.8253968253968,
                    163.6031746031746,
                    310.9047619047619,
                    107.25396825396825,
                    299.7936507936508,
                    81.06349206349205,
                    254.55555555555554,
                    53.28571428571429,
                    225.984126984127
                ]
            ],
            "iscrowd": 0,
            "area": 60414.14714033762,
            "image_id": 45,
            "bbox": [
                47.0,
                55.0,
                309.0,
                290.0
            ],
            "category_id": 8,
            "id": 51
        },
        {
            "segmentation": [
                [
                    303.2075471698113,
                    357.49056603773585,
                    349.4339622641509,
                    298.05660377358487,
                    420.18867924528297,
                    301.8301886792453,
                    461.6981132075472,
                    361.2641509433962,
                    451.3207547169811,
                    418.811320754717,
                    398.49056603773585,
                    453.71698113207543,
                    348.49056603773585,
                    450.88679245283015,
                    307.92452830188677,
                    412.2075471698113
                ]
            ],
            "iscrowd": 0,
            "area": 18895.51441794238,
            "image_id": 46,
            "bbox": [
                303.0,
                298.0,
                158.0,
                155.0
            ],
            "category_id": 5,
            "id": 52
        },
        {
            "segmentation": [
                [
                    77.87931034482759,
                    7.586206896551726,
                    195.98275862068968,
                    8.879310344827587,
                    189.51724137931035,
                    26.12068965517242,
                    77.01724137931035,
                    23.965517241379317
                ]
            ],
            "iscrowd": 0,
            "area": 1944.5786266349596,
            "image_id": 47,
            "bbox": [
                77.0,
                7.0,
                118.0,
                19.0
            ],
            "category_id": 9,
            "id": 53
        },
        {
            "segmentation": [
                [
                    432.59259259259255,
                    276.3333333333333,
                    762.2222222222222,
                    272.6296296296296,
                    765.9259259259259,
                    348.55555555555554,
                    434.4444444444444,
                    348.55555555555554
                ]
            ],
            "iscrowd": 0,
            "area": 24490.74074074073,
            "image_id": 48,
            "bbox": [
                432.0,
                272.0,
                333.0,
                76.0
            ],
            "category_id": 13,
            "id": 54
        },
        {
            "segmentation": [
                [
                    184.71428571428572,
                    55.45378151260505,
                    518.327731092437,
                    56.29411764705884,
                    502.36134453781517,
                    205.03361344537814,
                    183.03361344537817,
                    201.67226890756302
                ]
            ],
            "iscrowd": 0,
            "area": 48166.08996539793,
            "image_id": 49,
            "bbox": [
                183.0,
                55.0,
                335.0,
                150.0
            ],
            "category_id": 10,
            "id": 55
        },
        {
            "segmentation": [
                [
                    32.59259259259259,
                    204.1111111111111,
                    1186.2962962962963,
                    200.4074074074074,
                    1165.9259259259259,
                    441.14814814814815,
                    6.666666666666664,
                    418.92592592592587
                ]
            ],
            "iscrowd": 0,
            "area": 263635.11659807956,
            "image_id": 50,
            "bbox": [
                6.0,
                200.0,
                1180.0,
                241.0
            ],
            "category_id": 7,
            "id": 56
        },
        {
            "segmentation": [
                [
                    238.95238095238096,
                    289.6666666666667,
                    308.0,
                    225.38095238095238,
                    366.33333333333337,
                    301.57142857142856,
                    360.3809523809524,
                    309.9047619047619,
                    235.3809523809524,
                    312.2857142857143
                ]
            ],
            "iscrowd": 0,
            "area": 6481.009070294793,
            "image_id": 51,
            "bbox": [
                235.0,
                225.0,
                131.0,
                87.0
            ],
            "category_id": 0,
            "id": 57
        },
        {
            "segmentation": [
                [
                    134.87786259541986,
                    118.25190839694656,
                    497.4732824427481,
                    115.96183206106869,
                    499.0,
                    189.0,
                    133.35114503816794,
                    183.13740458015266
                ]
            ],
            "iscrowd": 0,
            "area": 25110.52968941204,
            "image_id": 52,
            "bbox": [
                133.0,
                115.0,
                366.0,
                74.0
            ],
            "category_id": 3,
            "id": 58
        },
        {
            "segmentation": [
                [
                    54.084507042253534,
                    109.08450704225352,
                    240.0,
                    109.08450704225352,
                    240.0,
                    162.6056338028169,
                    55.49295774647888,
                    164.01408450704227
                ]
            ],
            "iscrowd": 0,
            "area": 10043.642134497124,
            "image_id": 53,
            "bbox": [
                54.0,
                109.0,
                186.0,
                55.0
            ],
            "category_id": 11,
            "id": 59
        },
        {
            "segmentation": [
                [
                    6.555555555555557,
                    96.88888888888889,
                    215.88888888888889,
                    96.44444444444444,
                    210.55555555555554,
                    130.66666666666666,
                    180.33333333333334,
                    124.88888888888889,
                    74.55555555555556,
                    124.0,
                    47.888888888888886,
                    131.55555555555554,
                    7.0,
                    124.0,
                    4.333333333333336,
                    108.0
                ]
            ],
            "iscrowd": 0,
            "area": 6109.0370370370365,
            "image_id": 54,
            "bbox": [
                4.0,
                96.0,
                211.0,
                35.0
            ],
            "category_id": 9,
            "id": 60
        },
        {
            "segmentation": [
                [
                    16.990291262135923,
                    52.60194174757281,
                    311.1650485436893,
                    52.60194174757281,
                    300.4854368932039,
                    109.39805825242718,
                    10.194174757281553,
                    106.48543689320388
                ]
            ],
            "iscrowd": 0,
            "area": 16184.843057781134,
            "image_id": 55,
            "bbox": [
                10.0,
                52.0,
                301.0,
                57.0
            ],
            "category_id": 6,
            "id": 61
        },
        {
            "segmentation": [
                [
                    92.33333333333333,
                    63.55555555555554,
                    282.3333333333333,
                    62.44444444444443,
                    269.55555555555554,
                    101.88888888888889,
                    85.66666666666667,
                    99.66666666666666
                ]
            ],
            "iscrowd": 0,
            "area": 7067.746913580246,
            "image_id": 56,
            "bbox": [
                85.0,
                62.0,
                197.0,
                39.0
            ],
            "category_id": 7,
            "id": 62
        }
    ]
}